,RAW DATA,,,,,
-1,course_title,course_organization,course_Certificate_type,course_rating,course_difficulty,course_students_enrolled
0,IBM Data Science,IBM,PROFESSIONAL CERTIFICATE,4.60,Beginner,"480,000.00"
1,Introduction to Data Science,IBM,SPECIALIZATION,4.60,Beginner,"310,000.00"
2,The Science of Well-Being,Yale University,COURSE,4.90,Mixed,"2,500,000.00"
3,Python for Everybody,University of Michigan,SPECIALIZATION,4.80,Beginner,"1,500,000.00"
4,Google IT Support,Google,PROFESSIONAL CERTIFICATE,4.80,Beginner,"350,000.00"
5,Deep Learning,deeplearning.ai,SPECIALIZATION,4.80,Intermediate,"690,000.00"
6,Machine Learning,Stanford University,COURSE,4.90,Mixed,"3,200,000.00"
7,Business Foundations,University of Pennsylvania,SPECIALIZATION,4.70,Beginner,"510,000.00"
8,Applied Data Science,IBM,SPECIALIZATION,4.60,Beginner,"220,000.00"
9,Cloud Engineering with Google Cloud,Google Cloud,PROFESSIONAL CERTIFICATE,4.70,Intermediate,"310,000.00"
10,Architecting with Google Compute Engine,Google Cloud,SPECIALIZATION,4.70,Intermediate,"310,000.00"
11,Excel Skills for Business,Macquarie University,SPECIALIZATION,4.90,Beginner,"240,000.00"
12,IBM Applied AI,IBM,PROFESSIONAL CERTIFICATE,4.60,Beginner,"220,000.00"
13,Data Science,Johns Hopkins University,SPECIALIZATION,4.50,Beginner,"830,000.00"
14,Financial Markets,Yale University,COURSE,4.80,Beginner,"470,000.00"
15,Data Science: Foundations using R,Johns Hopkins University,SPECIALIZATION,4.60,Beginner,"740,000.00"
16,Finance & Quantitative Modeling for Analysts,University of Pennsylvania,SPECIALIZATION,4.50,Beginner,"260,000.00"
17,Business Analytics,University of Pennsylvania,SPECIALIZATION,4.60,Beginner,"280,000.00"
18,Developing Applications with Google Cloud Platform,Google Cloud,SPECIALIZATION,4.70,Intermediate,"300,000.00"
19,Security in Google Cloud Platform,Google Cloud,SPECIALIZATION,4.70,Intermediate,"300,000.00"
20,Networking in Google Cloud,Google Cloud,SPECIALIZATION,4.70,Intermediate,"290,000.00"
21,COVID-19 Contact Tracing,Johns Hopkins University,COURSE,4.90,Beginner,"220,000.00"
22,Data Engineering with Google Cloud,Google Cloud,PROFESSIONAL CERTIFICATE,4.60,Intermediate,"120,000.00"
23,Business and Financial Modeling,University of Pennsylvania,SPECIALIZATION,4.50,Beginner,"160,000.00"
24,"Data Engineering, Big Data, and Machine Learning on GCP",Google Cloud,SPECIALIZATION,4.60,Intermediate,"120,000.00"
25,Google IT Automation with Python,Google,PROFESSIONAL CERTIFICATE,4.70,Beginner,"93,000.00"
26,Applied Data Science with Python,University of Michigan,SPECIALIZATION,4.50,Intermediate,"480,000.00"
27,TensorFlow in Practice,deeplearning.ai,SPECIALIZATION,4.70,Intermediate,"170,000.00"
28,Digital Marketing,University of Illinois at Urbana-Champaign,SPECIALIZATION,4.60,Beginner,"380,000.00"
29,Introduction to Psychology,Yale University,COURSE,4.90,Beginner,"270,000.00"
30,Project Management Principles and Practices,"University of California, Irvine",SPECIALIZATION,4.70,Beginner,"230,000.00"
31,Project Management & Other Tools for Career Development,"University of California, Irvine",SPECIALIZATION,4.60,Beginner,"440,000.00"
32,Foundations of Positive Psychology,University of Pennsylvania,SPECIALIZATION,4.80,Beginner,"89,000.00"
33,Entrepreneurship,University of Pennsylvania,SPECIALIZATION,4.80,Beginner,"110,000.00"
34,IBM AI Engineering,IBM,PROFESSIONAL CERTIFICATE,4.60,Intermediate,"140,000.00"
35,AI for Medicine,deeplearning.ai,SPECIALIZATION,4.70,Intermediate,"13,000.00"
36,Improve Your English Communication Skills,Georgia Institute of Technology,SPECIALIZATION,4.70,Beginner,"610,000.00"
37,Psychological First Aid,Johns Hopkins University,COURSE,4.80,Mixed,"190,000.00"
38,Excel to MySQL: Analytic Techniques for Business,Duke University,SPECIALIZATION,4.60,Beginner,"490,000.00"
39,Data Analysis and Presentation Skills: the PwC Approach,PwC,SPECIALIZATION,4.60,Beginner,"220,000.00"
40,Successful Negotiation: Essential Strategies and Skills,University of Michigan,COURSE,4.80,Mixed,"750,000.00"
41,Technical Support Fundamentals,Google,COURSE,4.80,Beginner,"280,000.00"
42,Web Design for Everybody: Basics of Web Development & Coding,University of Michigan,SPECIALIZATION,4.70,Beginner,"280,000.00"
43,AWS Fundamentals,Amazon Web Services,SPECIALIZATION,4.60,Beginner,"130,000.00"
44,Career Success,"University of California, Irvine",SPECIALIZATION,4.40,Beginner,"790,000.00"
45,Java Programming and Software Engineering Fundamentals,Duke University,SPECIALIZATION,4.60,Beginner,"380,000.00"
46,UI / UX Design,California Institute of the Arts,SPECIALIZATION,4.70,Beginner,"68,000.00"
47,Programming for Everybody (Getting Started with Python),University of Michigan,COURSE,4.80,Mixed,"1,300,000.00"
48,Construction Management,Columbia University,SPECIALIZATION,4.70,Beginner,"61,000.00"
49,Social Media Marketing,Northwestern University,SPECIALIZATION,4.60,Beginner,"130,000.00"
50,Supply Chain Management,Rutgers the State University of New Jersey,SPECIALIZATION,4.70,Beginner,"82,000.00"
51,Achieving Personal and Professional Success,University of Pennsylvania,SPECIALIZATION,4.70,Beginner,"110,000.00"
52,Human Resource Management: HR for People Managers,University of Minnesota,SPECIALIZATION,4.70,Beginner,"98,000.00"
53,Digital Product Management,University of Virginia,SPECIALIZATION,4.70,Beginner,"140,000.00"
54,AI For Everyone,deeplearning.ai,COURSE,4.80,Beginner,"350,000.00"
55,Mathematics for Machine Learning,Imperial College London,SPECIALIZATION,4.60,Beginner,"150,000.00"
56,Arizona State University TESOL,Arizona State University,PROFESSIONAL CERTIFICATE,4.90,Beginner,"150,000.00"
57,Primeros Auxilios Psicológicos (PAP),Universitat Autònoma de Barcelona,COURSE,4.80,Mixed,"280,000.00"
58,AI Foundations for Everyone,IBM,SPECIALIZATION,4.70,Beginner,"61,000.00"
59,Creative Writing,Wesleyan University,SPECIALIZATION,4.60,Beginner,"140,000.00"
60,Epidemiology in Public Health Practice,Johns Hopkins University,SPECIALIZATION,4.70,Beginner,"31,000.00"
61,Leading People and Teams,University of Michigan,SPECIALIZATION,4.70,Beginner,"220,000.00"
62,Neural Networks and Deep Learning,deeplearning.ai,COURSE,4.90,Intermediate,"630,000.00"
63,Academic English: Writing,"University of California, Irvine",SPECIALIZATION,4.70,Beginner,"540,000.00"
64,Software Product Management,University of Alberta,SPECIALIZATION,4.60,Beginner,"110,000.00"
65,The Business of Health Care,University of Pennsylvania,SPECIALIZATION,4.60,Beginner,"22,000.00"
66,Fintech: Foundations & Applications of Financial Technology,University of Pennsylvania,SPECIALIZATION,4.60,Beginner,"20,000.00"
67,"TESOL Certificate, Part 1: Teach English Now!",Arizona State University,SPECIALIZATION,4.90,Beginner,"100,000.00"
68,Stanford Introduction to Food and Health,Stanford University,COURSE,4.70,Beginner,"370,000.00"
69,Writing in the Sciences,Stanford University,COURSE,4.90,Beginner,"140,000.00"
70,Data Visualization with Tableau,"University of California, Davis",SPECIALIZATION,4.50,Beginner,"96,000.00"
71,Viral Marketing and How to Craft Contagious Content,University of Pennsylvania,COURSE,4.70,Mixed,"150,000.00"
72,"Brand Management: Aligning Business, Brand and Behaviour",London Business School,COURSE,4.90,Beginner,"57,000.00"
73,Management of Fashion and Luxury Companies,Università Bocconi,COURSE,4.70,Mixed,"120,000.00"
74,Learn SQL Basics for Data Science,"University of California, Davis",SPECIALIZATION,4.60,Beginner,"160,000.00"
75,Agile Development,University of Virginia,SPECIALIZATION,4.70,Beginner,"94,000.00"
76,Genomic Data Science,Johns Hopkins University,SPECIALIZATION,4.40,Intermediate,"80,000.00"
77,Fundamentals of Project Planning and Management,University of Virginia,COURSE,4.70,Beginner,"120,000.00"
78,Algorithms,Stanford University,SPECIALIZATION,4.80,Intermediate,"150,000.00"
79,Geographic Information Systems  (GIS),"University of California, Davis",SPECIALIZATION,4.80,Beginner,"97,000.00"
80,Investment Management,University of Geneva,SPECIALIZATION,4.70,Beginner,"99,000.00"
81,The DIY Musician,Berklee College of Music,SPECIALIZATION,4.80,Beginner,"120,000.00"
82,Reinforcement Learning,University of Alberta,SPECIALIZATION,4.70,Intermediate,"23,000.00"
83,Social Psychology,Wesleyan University,COURSE,4.70,Beginner,"220,000.00"
84,Statistics with R,Duke University,SPECIALIZATION,4.70,Beginner,"220,000.00"
85,Financial Accounting Fundamentals,University of Virginia,COURSE,4.80,Beginner,"65,000.00"
86,Object Oriented Programming in Java,Duke University,SPECIALIZATION,4.60,Beginner,"330,000.00"
87,Methods and Statistics in Social Sciences,University of Amsterdam,SPECIALIZATION,4.60,Beginner,"260,000.00"
88,What is Data Science?,IBM,COURSE,4.70,Beginner,"260,000.00"
89,Full-Stack Web Development with React,The Hong Kong University of Science and Technology,SPECIALIZATION,4.70,Intermediate,"140,000.00"
90,Learning to Teach Online,UNSW Sydney (The University of New South Wales),COURSE,4.70,Beginner,"68,000.00"
91,Managing Innovation and Design Thinking,HEC Paris,SPECIALIZATION,4.70,Beginner,"23,000.00"
92,Excel Skills for Business: Essentials,Macquarie University,COURSE,4.90,Beginner,"200,000.00"
93,Strategic Leadership and Management,University of Illinois at Urbana-Champaign,SPECIALIZATION,4.70,Beginner,"100,000.00"
94,Music Production,Berklee College of Music,SPECIALIZATION,4.80,Beginner,"70,000.00"
95,Cisco Networking Basics,Cisco,SPECIALIZATION,4.70,Beginner,"57,000.00"
96,Business Statistics and Analysis,Rice University,SPECIALIZATION,4.70,Beginner,"110,000.00"
97,The Business of Music Production,Berklee College of Music,SPECIALIZATION,4.80,Beginner,"84,000.00"
98,IT Fundamentals for Cybersecurity,IBM,SPECIALIZATION,4.50,Beginner,"35,000.00"
99,Fashion as Design,The Museum of Modern Art,COURSE,4.80,Beginner,"180,000.00"
100,Design Thinking for Innovation,University of Virginia,COURSE,4.60,Beginner,"240,000.00"
101,Modern Art & Ideas,The Museum of Modern Art,COURSE,4.70,Beginner,"310,000.00"
102,Food & Beverage Management,Università Bocconi,COURSE,4.80,Mixed,"57,000.00"
103,Advanced Machine Learning,National Research University Higher School of Economics,SPECIALIZATION,4.50,Advanced,"190,000.00"
104,Business Strategy,University of Virginia,SPECIALIZATION,4.70,Beginner,"89,000.00"
105,Photography Basics and Beyond: From Smartphone to DSLR,Michigan State University,SPECIALIZATION,4.70,Beginner,"160,000.00"
106,Become a CBRS Certified Professional Installer by Google,Google - Spectrum Sharing,COURSE,4.90,Mixed,"210,000.00"
107,Camino a la Excelencia en Gestión de Proyectos,Pontificia Universidad Católica de Chile,COURSE,4.70,Beginner,"340,000.00"
108,Full Stack Web and Multiplatform Mobile App Development,The Hong Kong University of Science and Technology,SPECIALIZATION,4.70,Intermediate,"150,000.00"
109,Finding Purpose and Meaning In Life: Living for What Matters Most,University of Michigan,COURSE,4.70,Beginner,"36,000.00"
110,Indigenous Canada,University of Alberta,COURSE,4.80,Mixed,"51,000.00"
111,Python Data Structures,University of Michigan,COURSE,4.90,Mixed,"420,000.00"
112,Learn Spanish: Basic Spanish Vocabulary,"University of California, Davis",SPECIALIZATION,4.60,Beginner,"80,000.00"
113,First Step Korean,Yonsei University,COURSE,4.90,Beginner,"400,000.00"
114,Private Equity and Venture Capital,Università Bocconi,COURSE,4.80,Mixed,"79,000.00"
115,G Suite Administration,Google Cloud,SPECIALIZATION,4.70,Beginner,"10,000.00"
116,Organizational Leadership,Northwestern University,SPECIALIZATION,4.70,Intermediate,"92,000.00"
117,User Experience Research and Design,University of Michigan,SPECIALIZATION,4.80,Beginner,"23,000.00"
118,The Singer Songwriter,Berklee College of Music,SPECIALIZATION,4.80,Beginner,"320,000.00"
119,Anatomy,University of Michigan,SPECIALIZATION,4.80,Beginner,"30,000.00"
120,Intellectual Property Law,University of Pennsylvania,SPECIALIZATION,4.80,Intermediate,"8,700.00"
121,Science of Exercise,University of Colorado Boulder,COURSE,4.80,Beginner,"140,000.00"
122,Electronic Music Production,Berklee College of Music,SPECIALIZATION,4.80,Intermediate,"110,000.00"
123,"Improving Deep Neural Networks: Hyperparameter tuning, Regularization and Optimization",deeplearning.ai,COURSE,4.90,Beginner,"270,000.00"
124,Excel/VBA for Creative Problem Solving,University of Colorado Boulder,SPECIALIZATION,4.80,Beginner,"56,000.00"
125,Machine Learning with TensorFlow on Google Cloud Platform,Google Cloud,SPECIALIZATION,4.50,Intermediate,"72,000.00"
126,Business Strategies for A Better World,University of Pennsylvania,SPECIALIZATION,4.70,Beginner,"24,000.00"
127,Statistics with Python,University of Michigan,SPECIALIZATION,4.60,Beginner,"34,000.00"
128,Interaction Design,University of California San Diego,SPECIALIZATION,4.50,Intermediate,"150,000.00"
129,AI for Medical Diagnosis,deeplearning.ai,COURSE,4.70,Intermediate,"12,000.00"
130,Fundamentals of Immunology,Rice University,SPECIALIZATION,4.70,Intermediate,"20,000.00"
131,Biostatistics in Public Health,Johns Hopkins University,SPECIALIZATION,4.80,Beginner,"14,000.00"
132,Машинное обучение и анализ данных,E-Learning Development Fund,SPECIALIZATION,4.70,Intermediate,"77,000.00"
133,The Art of Sales: Mastering the Selling Process,Northwestern University,SPECIALIZATION,4.70,Beginner,"23,000.00"
134,(ISC)² Systems Security Certified Practitioner (SSCP),(ISC)²,SPECIALIZATION,4.70,Beginner,"5,300.00"
135,The Bits and Bytes of Computer Networking,Google,COURSE,4.70,Beginner,"130,000.00"
136,Introduction to Marketing,University of Pennsylvania,COURSE,4.80,Mixed,"220,000.00"
137,Executive Data Science,Johns Hopkins University,SPECIALIZATION,4.50,Beginner,"170,000.00"
138,The Strategy of Content Marketing,"University of California, Davis",COURSE,4.50,Intermediate,"100,000.00"
139,Design and Interpretation of Clinical Trials,Johns Hopkins University,COURSE,4.70,Mixed,"67,000.00"
140,Marketing Mix Implementation,IE Business School,SPECIALIZATION,4.60,Beginner,"93,000.00"
141,Game Theory,Stanford University,COURSE,4.60,Beginner,"260,000.00"
142,Accelerated Computer Science Fundamentals,University of Illinois at Urbana-Champaign,SPECIALIZATION,4.70,Intermediate,"22,000.00"
143,Blockchain Revolution,INSEAD,SPECIALIZATION,4.70,Beginner,"21,000.00"
144,What Is Contemporary Art?,The Museum of Modern Art,COURSE,4.70,Beginner,"120,000.00"
145,Futures Thinking,Institute for the Future,SPECIALIZATION,4.80,Beginner,"9,400.00"
146,Tools for Data Science,IBM,COURSE,4.60,Beginner,"120,000.00"
147,Investment Management with Python and Machine Learning,EDHEC Business School,SPECIALIZATION,4.60,Beginner,"14,000.00"
148,Data Science: Statistics and Machine Learning,Johns Hopkins University,SPECIALIZATION,4.40,Intermediate,"210,000.00"
149,Financial Management,University of Illinois at Urbana-Champaign,SPECIALIZATION,4.70,Intermediate,"76,000.00"
150,Functional Programming in Scala,École Polytechnique Fédérale de Lausanne,SPECIALIZATION,4.70,Intermediate,"220,000.00"
151,An Introduction to Programming the Internet of Things (IOT),"University of California, Irvine",SPECIALIZATION,4.60,Beginner,"270,000.00"
152,Python for Data Science and AI,IBM,COURSE,4.60,Beginner,"170,000.00"
153,UCI Project Management,"University of California, Irvine",PROFESSIONAL CERTIFICATE,4.60,Beginner,"44,000.00"
154,Self-Driving Cars,University of Toronto,SPECIALIZATION,4.70,Advanced,"39,000.00"
155,Learn Chinese: HSK Test Preparation,Peking University,SPECIALIZATION,4.80,Beginner,"43,000.00"
156,Искусство разработки на современном C++,E-Learning Development Fund,SPECIALIZATION,4.90,Intermediate,"68,000.00"
157,Advanced Data Science with IBM,IBM,SPECIALIZATION,4.40,Advanced,"320,000.00"
158,Financial Engineering and Risk Management Part I,Columbia University,COURSE,4.60,Mixed,"100,000.00"
159,An Introduction to American Law,University of Pennsylvania,COURSE,4.80,Beginner,"23,000.00"
160,SAS Programmer,SAS,PROFESSIONAL CERTIFICATE,4.80,Beginner,"370,000.00"
161,Child Nutrition and Cooking,Stanford University,COURSE,4.70,Beginner,"30,000.00"
162,Fundamentals of Graphic Design,California Institute of the Arts,COURSE,4.80,Beginner,"290,000.00"
163,Финансовые инструменты для частного инвестора,National Research University Higher School of Economics,SPECIALIZATION,4.70,Beginner,"38,000.00"
164,Fundamentals of Computing,Rice University,SPECIALIZATION,4.80,Beginner,"200,000.00"
165,Fundamentals of Quantitative Modeling,University of Pennsylvania,COURSE,4.60,Mixed,"110,000.00"
166,Dynamic Public Speaking,University of Washington,SPECIALIZATION,4.70,Beginner,"110,000.00"
167,Six Sigma Green Belt,University System of Georgia,SPECIALIZATION,4.70,Intermediate,"18,000.00"
168,Business English Communication Skills,University of Washington,SPECIALIZATION,4.70,Intermediate,"120,000.00"
169,Initiating and Planning Projects,"University of California, Irvine",COURSE,4.70,Mixed,"180,000.00"
170,Statistical Analysis with R for Public Health,Imperial College London,SPECIALIZATION,4.70,Beginner,"16,000.00"
171,Integrative Health and Medicine,University of Minnesota,SPECIALIZATION,4.80,Beginner,"14,000.00"
172,Learn English: Intermediate Grammar,"University of California, Irvine",SPECIALIZATION,4.70,Intermediate,"120,000.00"
173,Understanding Medical Research: Your Facebook Friend is Wrong,Yale University,COURSE,4.80,Beginner,"24,000.00"
174,Forensic Accounting and Fraud Examination,West Virginia University,COURSE,4.70,Mixed,"42,000.00"
175,English for Career Development,University of Pennsylvania,COURSE,4.80,Mixed,"760,000.00"
176,Moral Foundations of Politics,Yale University,COURSE,4.80,Mixed,"100,000.00"
177,"Hotel Management: Distribution, Revenue and Demand Management",ESSEC Business School,SPECIALIZATION,4.60,Beginner,"28,000.00"
178,Machine Learning for Trading,Google Cloud,SPECIALIZATION,3.90,Intermediate,"15,000.00"
179,Crash Course on Python,Google,COURSE,4.80,Beginner,"81,000.00"
180,Russian for beginners А1. Русский язык: A1,Saint Petersburg State University,SPECIALIZATION,4.70,Beginner,"7,000.00"
181,Machine Learning,University of Washington,SPECIALIZATION,4.60,Intermediate,"290,000.00"
182,Web Applications for Everybody,University of Michigan,SPECIALIZATION,4.80,Intermediate,"120,000.00"
183,Introduction to Cyber Security,New York University,SPECIALIZATION,4.70,Beginner,"32,000.00"
184,Inspired Leadership,Case Western Reserve University,SPECIALIZATION,4.70,Intermediate,"97,000.00"
185,Vital Signs: Understanding What the Body Is Telling Us,University of Pennsylvania,COURSE,4.80,Mixed,"190,000.00"
186,Software Design and Architecture,University of Alberta,SPECIALIZATION,4.60,Beginner,"60,000.00"
187,Introduction to Data Science in Python,University of Michigan,COURSE,4.50,Intermediate,"390,000.00"
188,Music Business,Berklee College of Music,SPECIALIZATION,4.80,Beginner,"42,000.00"
189,Structuring Machine Learning Projects,deeplearning.ai,COURSE,4.80,Beginner,"220,000.00"
190,Introduction to Programming in C,Duke University,SPECIALIZATION,4.70,Beginner,"82,000.00"
191,Étudier en France: French Intermediate course B1-B2,École Polytechnique,COURSE,4.80,Intermediate,"190,000.00"
192,Global Diplomacy – Diplomacy in the Modern World,SOAS University of London,COURSE,4.60,Mixed,"79,000.00"
193,International Women's Health and Human Rights,Stanford University,COURSE,4.90,Beginner,"35,000.00"
194,Introduction to the Biology of Cancer,Johns Hopkins University,COURSE,4.80,Beginner,"110,000.00"
195,Investment and Portfolio Management,Rice University,SPECIALIZATION,4.50,Beginner,"49,000.00"
196,Introduction to Discrete Mathematics for Computer Science,National Research University Higher School of Economics,SPECIALIZATION,4.40,Beginner,"75,000.00"
197,Claves de la Dirección de Empresas,IESE Business School,SPECIALIZATION,4.80,Beginner,"51,000.00"
198,Data Science Methodology,IBM,COURSE,4.60,Beginner,"89,000.00"
199,Using Python to Access Web Data,University of Michigan,COURSE,4.80,Mixed,"310,000.00"
200,Sports Marketing,Northwestern University,COURSE,4.70,Intermediate,"12,000.00"
201,Animal Behaviour and Welfare,The University of Edinburgh,COURSE,4.80,Mixed,"71,000.00"
202,Strategic Management and Innovation,Copenhagen Business School,SPECIALIZATION,4.70,Beginner,"68,000.00"
203,From Data to Insights with Google Cloud Platform,Google Cloud,SPECIALIZATION,4.60,Beginner,"26,000.00"
204,Introduction to Financial Accounting,University of Pennsylvania,COURSE,4.70,Mixed,"200,000.00"
205,Developing Your Musicianship,Berklee College of Music,SPECIALIZATION,4.80,Beginner,"54,000.00"
206,Game Design and Development,Michigan State University,SPECIALIZATION,4.70,Intermediate,"100,000.00"
207,Convolutional Neural Networks,deeplearning.ai,COURSE,4.90,Intermediate,"240,000.00"
208,Programming with Google Go,"University of California, Irvine",SPECIALIZATION,4.60,Intermediate,"18,000.00"
209,Foundations of Management,IESE Business School,SPECIALIZATION,4.80,Beginner,"64,000.00"
210,Autism Spectrum Disorder,"University of California, Davis",COURSE,4.60,Mixed,"56,000.00"
211,Marketing Strategy,IE Business School,SPECIALIZATION,4.40,Beginner,"57,000.00"
212,Agile with Atlassian Jira,Atlassian,COURSE,4.70,Beginner,"40,000.00"
213,Write Professional Emails in English,Georgia Institute of Technology,COURSE,4.70,Mixed,"270,000.00"
214,Medical Neuroscience,Duke University,COURSE,4.90,Advanced,"170,000.00"
215,Pricing Strategy Optimization,BCG,SPECIALIZATION,4.80,Beginner,"20,000.00"
216,Positive Psychiatry and Mental Health,The University of Sydney,COURSE,4.80,Mixed,"72,000.00"
217,TensorFlow: Data and Deployment,deeplearning.ai,SPECIALIZATION,4.50,Intermediate,"12,000.00"
218,Excel Skills for Business: Intermediate I,Macquarie University,COURSE,4.90,Intermediate,"76,000.00"
219,Inspirational Leadership: Leading with Sense,HEC Paris,SPECIALIZATION,4.50,Beginner,"72,000.00"
220,Trading Strategies in Emerging Markets,Indian School of Business,SPECIALIZATION,4.30,Beginner,"68,000.00"
221,Computational Thinking for Problem Solving,University of Pennsylvania,COURSE,4.80,Beginner,"33,000.00"
222,C# Programming for Unity Game Development,University of Colorado System,SPECIALIZATION,4.70,Beginner,"36,000.00"
223,Mathematics for Machine Learning: Linear Algebra,Imperial College London,COURSE,4.70,Beginner,"140,000.00"
224,"Influencing: Storytelling, Change Management and Governance",Macquarie University,SPECIALIZATION,4.80,Beginner,"22,000.00"
225,English for Business and Entrepreneurship,University of Pennsylvania,COURSE,4.80,Beginner,"230,000.00"
226,"Negotiation, Mediation and Conflict Resolution",ESSEC Business School,SPECIALIZATION,4.70,Beginner,"22,000.00"
227,Google Cloud Platform Big Data and Machine Learning Fundamentals,Google Cloud,COURSE,4.60,Intermediate,"120,000.00"
228,International Leadership and Organizational Behavior,Università Bocconi,COURSE,4.80,Mixed,"41,000.00"
229,Economics of Money and Banking,Columbia University,COURSE,4.90,Mixed,"83,000.00"
230,"Introduction to TensorFlow for Artificial Intelligence, Machine Learning, and Deep Learning",deeplearning.ai,COURSE,4.70,Intermediate,"150,000.00"
231,Habilidades Gerenciales,Universidad Nacional Autónoma de México,SPECIALIZATION,4.70,Beginner,"43,000.00"
232,Wine Tasting: Sensory Techniques for Wine Analysis,"University of California, Davis",COURSE,4.70,Beginner,"32,000.00"
233,Business Technology Management,Indian School of Business,SPECIALIZATION,4.50,Beginner,"67,000.00"
234,"TESOL Certificate, Part 2: Teach English Now!",Arizona State University,SPECIALIZATION,4.90,Beginner,"62,000.00"
235,Introduction to Philosophy,The University of Edinburgh,COURSE,4.60,Mixed,"370,000.00"
236,Программирование на Python,Mail.Ru Group,SPECIALIZATION,4.50,Intermediate,"52,000.00"
237,Digital Manufacturing & Design Technology,University at Buffalo,SPECIALIZATION,4.60,Beginner,"37,000.00"
238,Branding: The Creative Journey,IE Business School,SPECIALIZATION,4.60,Beginner,"26,000.00"
239,Digital Advertising Strategy,University of Colorado Boulder,SPECIALIZATION,4.40,Beginner,"9,000.00"
240,Positive Psychology: Martin E. P. Seligman’s Visionary Science,University of Pennsylvania,COURSE,4.80,Beginner,"50,000.00"
241,Marketing Digital,Universidade de São Paulo,COURSE,4.80,Beginner,"81,000.00"
242,Algorithms for Battery Management Systems,University of Colorado System,SPECIALIZATION,4.80,Intermediate,"14,000.00"
243,The Data Scientist’s Toolbox,Johns Hopkins University,COURSE,4.60,Mixed,"420,000.00"
244,Health Informatics,Johns Hopkins University,SPECIALIZATION,4.50,Beginner,"8,100.00"
245,U.S. Federal Taxation,University of Illinois at Urbana-Champaign,SPECIALIZATION,4.80,Intermediate,"12,000.00"
246,Entrepreneurship 1: Developing the Opportunity,University of Pennsylvania,COURSE,4.80,Mixed,"86,000.00"
247,Advanced Business Analytics,University of Colorado Boulder,SPECIALIZATION,4.50,Intermediate,"78,000.00"
248,Culture-Driven Team Building,University of Pennsylvania,SPECIALIZATION,4.60,Beginner,"17,000.00"
249,Understanding the Brain: The Neurobiology of Everyday Life,The University of Chicago,COURSE,4.90,Beginner,"130,000.00"
250,Introduction to Systematic Review and Meta-Analysis,Johns Hopkins University,COURSE,4.80,Mixed,"67,000.00"
251,Blockchain,University at Buffalo,SPECIALIZATION,4.60,Intermediate,"68,000.00"
252,Nutrición y obesidad: control de sobrepeso,Universidad Nacional Autónoma de México,COURSE,4.80,Beginner,"100,000.00"
253,Introduction to Dental Medicine,University of Pennsylvania,COURSE,4.80,Beginner,"25,000.00"
254,Introduction to Computer Science and Programming,"Goldsmiths, University of London",SPECIALIZATION,4.30,Beginner,"32,000.00"
255,Object Oriented Java Programming: Data Structures and Beyond,University of California San Diego,SPECIALIZATION,4.70,Intermediate,"250,000.00"
256,"Everyday Excel, Part 1",University of Colorado Boulder,COURSE,4.80,Beginner,"11,000.00"
257,Finance for Non-Finance Professionals,Rice University,COURSE,4.80,Beginner,"69,000.00"
258,Memoir and Personal Essay: Write About Yourself,Wesleyan University,SPECIALIZATION,4.30,Beginner,"13,000.00"
259,Financial Markets and Investment Strategy,Indian School of Business,SPECIALIZATION,4.50,Beginner,"60,000.00"
260,Learn to Program: The Fundamentals,University of Toronto,COURSE,4.80,Beginner,"180,000.00"
261,Understanding Research Methods,SOAS University of London,COURSE,4.50,Mixed,"120,000.00"
262,Value Chain Management,University of Illinois at Urbana-Champaign,SPECIALIZATION,4.70,Intermediate,"63,000.00"
263,Databases and SQL for Data Science,IBM,COURSE,4.70,Beginner,"110,000.00"
264,Machine Learning for Business Professionals,Google Cloud,COURSE,4.60,Intermediate,"58,000.00"
265,An Introduction to Consumer Neuroscience & Neuromarketing,Copenhagen Business School,COURSE,4.70,Beginner,"69,000.00"
266,"Advanced Valuation and Strategy - M&A, Private Equity, and Venture Capital",Erasmus University Rotterdam,COURSE,4.70,Advanced,"29,000.00"
267,"Energy Production, Distribution & Safety",University at Buffalo,SPECIALIZATION,4.70,Beginner,"37,000.00"
268,Gamification,University of Pennsylvania,COURSE,4.80,Mixed,"110,000.00"
269,Behavioral Finance,Duke University,COURSE,4.40,Mixed,"55,000.00"
270,Introductory Human Physiology,Duke University,COURSE,4.70,Mixed,"270,000.00"
271,Learn English: Advanced Grammar and Punctuation,"University of California, Irvine",SPECIALIZATION,4.80,Advanced,"52,000.00"
272,The Power of Macroeconomics: Economic Principles in the Real World,"University of California, Irvine",COURSE,4.60,Mixed,"180,000.00"
273,Content Strategy for Professionals,Northwestern University,SPECIALIZATION,4.50,Beginner,"27,000.00"
274,The Global Financial Crisis,Yale University,COURSE,4.80,Mixed,"84,000.00"
275,Clinical Terminology for International and U.S. Students,University of Pittsburgh,COURSE,4.80,Beginner,"32,000.00"
276,Coaching Skills for Managers,"University of California, Davis",SPECIALIZATION,4.70,Intermediate,"37,000.00"
277,Data Analysis with Python,IBM,COURSE,4.70,Beginner,"110,000.00"
278,Everyday Parenting: The ABCs of Child Rearing,Yale University,COURSE,4.90,Beginner,"86,000.00"
279,Python Basics,University of Michigan,COURSE,4.80,Beginner,"110,000.00"
280,International Law in Action: the Arbitration of International Disputes,Universiteit Leiden,COURSE,4.80,Mixed,"19,000.00"
281,AWS Fundamentals: Going Cloud-Native,Amazon Web Services,COURSE,4.70,Beginner,"110,000.00"
282,The Manager's Toolkit: A Practical Guide to Managing People at Work,"Birkbeck, University of London",COURSE,4.60,Mixed,"47,000.00"
283,AI for Medical Prognosis,deeplearning.ai,COURSE,4.60,Intermediate,"4,000.00"
284,Project Launch,"University of California, Irvine",COURSE,4.70,Beginner,"190,000.00"
285,Sequence Models,deeplearning.ai,COURSE,4.80,Intermediate,"14,000.00"
286,"GIS, Mapping, and Spatial Analysis",University of Toronto,SPECIALIZATION,4.80,Beginner,"140,000.00"
287,Greek and Roman Mythology,University of Pennsylvania,COURSE,4.80,Mixed,"260,000.00"
288,Data Warehousing for Business Intelligence,University of Colorado System,SPECIALIZATION,4.50,Advanced,"140,000.00"
289,Responsive Website Development and Design,"Goldsmiths, University of London",SPECIALIZATION,4.50,Beginner,"170,000.00"
290,Construction Project Management,Columbia University,COURSE,4.80,Beginner,"43,000.00"
291,Positive Psychology,The University of North Carolina at Chapel Hill,COURSE,4.70,Mixed,"180,000.00"
292,Entrepreneurial Finance: Strategy and Innovation,Duke University,SPECIALIZATION,4.50,Intermediate,"7,900.00"
293,Introduction to Scripting in Python,Rice University,SPECIALIZATION,4.70,Beginner,"49,000.00"
294,Become a Journalist: Report the News!,Michigan State University,SPECIALIZATION,4.70,Beginner,"28,000.00"
295,Fundamentals of Accounting,University of Illinois at Urbana-Champaign,SPECIALIZATION,4.60,Beginner,"39,000.00"
296,Modern Big Data Analysis with SQL,Cloudera,SPECIALIZATION,4.80,Beginner,"14,000.00"
297,Virtual Teacher,"University of California, Irvine",SPECIALIZATION,4.30,Beginner,"23,000.00"
298,Terrorism and Counterterrorism: Comparing Theory and Practice,Universiteit Leiden,COURSE,4.80,Beginner,"90,000.00"
299,"Presentation Skills: Speechwriting, Slides and Delivery",E-Learning Development Fund,SPECIALIZATION,4.60,Beginner,"47,000.00"
300,Contabilidad para no contadores,Universidad Nacional Autónoma de México,COURSE,4.70,Beginner,"220,000.00"
301,Corporate Sustainability. Understanding and Seizing the Strategic Opportunity,Università Bocconi,COURSE,4.60,Mixed,"10,000.00"
302,"Anatomy of the Chest, Abdomen, and Pelvis",Yale University,COURSE,4.80,Intermediate,"36,000.00"
303,English for Journalism,University of Pennsylvania,COURSE,4.80,Mixed,"130,000.00"
304,Site Reliability Engineering: Measuring and Managing Reliability,Google Cloud,COURSE,4.50,Advanced,"16,000.00"
305,Communication Strategies for a Virtual Age,University of Toronto,COURSE,4.80,Beginner,"43,000.00"
306,Supply Chain Principles,Georgia Institute of Technology,COURSE,4.60,Mixed,"29,000.00"
307,Introduction to HTML5,University of Michigan,COURSE,4.70,Mixed,"220,000.00"
308,Introduction to Programming with MATLAB,Vanderbilt University,COURSE,4.80,Beginner,"270,000.00"
309,Patient Safety,Johns Hopkins University,SPECIALIZATION,4.80,Beginner,"8,800.00"
310,Marketing in a Digital World,University of Illinois at Urbana-Champaign,COURSE,4.70,Beginner,"310,000.00"
311,Learn to Speak Korean 1,Yonsei University,COURSE,4.90,Beginner,"120,000.00"
312,Introduction to Sustainability,University of Illinois at Urbana-Champaign,COURSE,4.80,Mixed,"69,000.00"
313,Foundations of Global Health,Johns Hopkins University,SPECIALIZATION,4.70,Beginner,"31,000.00"
314,Essentials in Clinical Simulations Across the Health Professions,The George Washington University,COURSE,4.80,Intermediate,"4,100.00"
315,Robotics,University of Pennsylvania,SPECIALIZATION,4.40,Beginner,"120,000.00"
316,Operating Systems and You: Becoming a Power User,Google,COURSE,4.60,Beginner,"76,000.00"
317,R Programming,Johns Hopkins University,COURSE,4.60,Intermediate,"480,000.00"
318,In the Studio: Postwar Abstract Painting,The Museum of Modern Art,COURSE,4.90,Beginner,"79,000.00"
319,Essentials of Global Health,Yale University,COURSE,4.80,Mixed,"31,000.00"
320,Practical Data Science with MATLAB,MathWorks,SPECIALIZATION,4.70,Beginner,"10,000.00"
321,Machine Learning with Python,IBM,COURSE,4.70,Intermediate,"120,000.00"
322,American Contract Law I,Yale University,COURSE,4.90,Beginner,"18,000.00"
323,Oil & Gas Industry Operations and Markets,Duke University,COURSE,4.80,Mixed,"57,000.00"
324,Advanced Machine Learning with TensorFlow on Google Cloud Platform,Google Cloud,SPECIALIZATION,4.50,Advanced,"35,000.00"
325,Marketing Digital,Universidad Austral,SPECIALIZATION,4.70,Beginner,"39,000.00"
326,Arts and Heritage Management,Università Bocconi,COURSE,4.80,Mixed,"15,000.00"
327,Introducción a la programación en Python I: Aprendiendo a programar con Python,Pontificia Universidad Católica de Chile,COURSE,4.40,Beginner,"100,000.00"
328,Supporting children with difficulties in reading and writing,UCL Institute of Education,COURSE,4.80,Mixed,"50,000.00"
329,"HTML, CSS, and Javascript for Web Developers",Johns Hopkins University,COURSE,4.80,Mixed,"240,000.00"
330,Addiction Treatment: Clinical Skills for Healthcare Providers,Yale University,COURSE,4.80,Beginner,"9,200.00"
331,Réussir le Changement,ESSEC Business School,COURSE,4.50,Mixed,"33,000.00"
332,SQL for Data Science,"University of California, Davis",COURSE,4.60,Beginner,"160,000.00"
333,"Modern Robotics:  Mechanics, Planning, and Control",Northwestern University,SPECIALIZATION,4.70,Intermediate,"21,000.00"
334,"Speak English Professionally: In Person, Online & On the Phone",Georgia Institute of Technology,COURSE,4.60,Mixed,"430,000.00"
335,Medical Cannabis: The Health Effects of THC and CBD,University of Colorado Boulder,SPECIALIZATION,4.80,Beginner,"4,800.00"
336,Introduction to Corporate Finance,University of Pennsylvania,COURSE,4.60,Mixed,"130,000.00"
337,Foundational Finance for Strategic Decision Making,University of Michigan,SPECIALIZATION,4.80,Beginner,"14,000.00"
338,Developing APIs with Google Cloud's Apigee API Platform,Google Cloud,SPECIALIZATION,4.60,Intermediate,"16,000.00"
339,Introduction to Spreadsheets and Models,University of Pennsylvania,COURSE,4.20,Mixed,"76,000.00"
340,Introduction to Mathematical Thinking,Stanford University,COURSE,4.80,Intermediate,"270,000.00"
341,Negociación exitosa: Estrategias y habilidades esenciales (en español),University of Michigan,COURSE,4.80,Mixed,"95,000.00"
342,Drug Discovery,University of California San Diego,COURSE,4.60,Beginner,"39,000.00"
343,Newborn Baby Care,University of Colorado System,SPECIALIZATION,4.80,Beginner,"5,300.00"
344,Survey Data Collection and Analytics,"University of Maryland, College Park",SPECIALIZATION,4.30,Beginner,"45,000.00"
345,Instructional Design Foundations and Applications,University of Illinois at Urbana-Champaign,COURSE,4.20,Mixed,"12,000.00"
346,International Organizations Management,University of Geneva,COURSE,4.80,Beginner,"20,000.00"
347,Essential Google Cloud Infrastructure: Foundation,Google Cloud,COURSE,4.70,Intermediate,"83,000.00"
348,Power Electronics,University of Colorado Boulder,SPECIALIZATION,4.80,Intermediate,"67,000.00"
349,Cloud Computing,University of Illinois at Urbana-Champaign,SPECIALIZATION,4.40,Intermediate,"110,000.00"
350,Using Databases with Python,University of Michigan,COURSE,4.80,Mixed,"220,000.00"
351,Epidemiology: The Basic Science of Public Health,The University of North Carolina at Chapel Hill,COURSE,4.60,Mixed,"130,000.00"
352,Machine Learning and Reinforcement Learning in Finance,New York University,SPECIALIZATION,3.70,Intermediate,"29,000.00"
353,Understanding Clinical Research: Behind the Statistics,University of Cape Town,COURSE,4.80,Mixed,"78,000.00"
354,Weight Management: Beyond Balancing Calories,Emory University,COURSE,4.70,Beginner,"34,000.00"
355,Good with Words: Writing and Editing,University of Michigan,SPECIALIZATION,4.60,Beginner,"3,800.00"
356,Financial Technology (Fintech) Innovations,University of Michigan,SPECIALIZATION,4.70,Beginner,"6,500.00"
357,"The Modern World, Part One: Global History from 1760 to 1910",University of Virginia,COURSE,4.80,Beginner,"130,000.00"
358,Convolutional Neural Networks in TensorFlow,deeplearning.ai,COURSE,4.70,Intermediate,"46,000.00"
359,e-Learning Ecologies: Innovative Approaches to Teaching and Learning for the Digital Age,University of Illinois at Urbana-Champaign,COURSE,4.50,Mixed,"17,000.00"
360,Learn Mandarin Chinese,Shanghai Jiao Tong University,SPECIALIZATION,4.80,Beginner,"39,000.00"
361,"The Sustainable Development Goals – A global, transdisciplinary vision for the future",University of Copenhagen,COURSE,4.80,Beginner,"26,000.00"
362,People Analytics,University of Pennsylvania,COURSE,4.50,Mixed,"84,000.00"
363,Soporte de Tecnologías de la Información de Google,Crece con Google,PROFESSIONAL CERTIFICATE,4.90,Beginner,"8,800.00"
364,"Programming Foundations with JavaScript, HTML and CSS",Duke University,COURSE,4.60,Beginner,"250,000.00"
365,Innovation Management,Erasmus University Rotterdam,COURSE,4.60,Beginner,"40,000.00"
366,Finanzas corporativas,Universidad Nacional Autónoma de México,SPECIALIZATION,4.60,Intermediate,"30,000.00"
367,Marketing con Redes Sociales,Tecnológico de Monterrey,SPECIALIZATION,4.40,Intermediate,"60,000.00"
368,School Health for Children and Adolescents,University of Colorado System,SPECIALIZATION,4.80,Beginner,"9,100.00"
369,Greening the Economy: Sustainable Cities,Lund University,COURSE,4.60,Beginner,"56,000.00"
370,Fundraising and Development,"University of California, Davis",SPECIALIZATION,4.60,Beginner,"4,900.00"
371,Creative Writing: The Craft of Plot,Wesleyan University,COURSE,4.70,Mixed,"120,000.00"
372,Cybersecurity,"University of Maryland, College Park",SPECIALIZATION,4.50,Intermediate,"99,000.00"
373,Healthcare Law,University of Pennsylvania,SPECIALIZATION,4.70,Intermediate,"1,700.00"
374,Python and Statistics for Financial Analysis,The Hong Kong University of Science and Technology,COURSE,4.40,Intermediate,"41,000.00"
375,The Arts and Science of Relationships: Understanding Human Needs,University of Toronto,COURSE,4.50,Beginner,"73,000.00"
376,Data-driven Decision Making,PwC,COURSE,4.60,Beginner,"120,000.00"
377,Introduction to Forensic Science,"Nanyang Technological University, Singapore",COURSE,4.90,Mixed,"47,000.00"
378,"Divide and Conquer, Sorting and Searching, and Randomized Algorithms",Stanford University,COURSE,4.80,Intermediate,"130,000.00"
379,What is Social?,Northwestern University,COURSE,4.60,Mixed,"94,000.00"
380,Market Research,"University of California, Davis",SPECIALIZATION,4.50,Beginner,"22,000.00"
381,Digital Product Management: Modern Fundamentals,University of Virginia,COURSE,4.70,Beginner,"58,000.00"
382,Financing and Investing in Infrastructure,Università Bocconi,COURSE,4.80,Mixed,"24,000.00"
383,Data Management for Clinical Research,Vanderbilt University,COURSE,4.70,Beginner,"42,000.00"
384,Supply Chain Logistics,Rutgers the State University of New Jersey,COURSE,4.70,Beginner,"66,000.00"
385,Grammar and Punctuation,"University of California, Irvine",COURSE,4.70,Mixed,"430,000.00"
386,Revisão Sistemática e Meta-análise,Universidade Estadual de Campinas,COURSE,4.90,Intermediate,"17,000.00"
387,Swift 5 iOS Application Developer,LearnQuest,SPECIALIZATION,4.50,Beginner,"3,900.00"
388,Fundamentos de Finanzas Empresariales,Universidad de los Andes,COURSE,4.80,Beginner,"110,000.00"
389,Preparing to Manage Human Resources,University of Minnesota,COURSE,4.80,Mixed,"68,000.00"
390,Android App Development,Vanderbilt University,SPECIALIZATION,4.50,Beginner,"120,000.00"
391,Computational Social Science,"University of California, Davis",SPECIALIZATION,4.60,Beginner,"5,800.00"
392,Dog Emotion and Cognition,Duke University,COURSE,4.60,Mixed,"150,000.00"
393,SAS Visual Business Analytics,SAS,PROFESSIONAL CERTIFICATE,4.60,Beginner,"2,600.00"
394,Learn English: Advanced Academic Speaking and Listening,"University of California, Irvine",SPECIALIZATION,4.50,Intermediate,"78,000.00"
395,Build a Modern Computer from First Principles: From Nand to Tetris (Project-Centered Course),Hebrew University of Jerusalem,COURSE,4.90,Mixed,"95,000.00"
396,Financial Acumen for Non-Financial Managers,University of Pennsylvania,COURSE,4.50,Beginner,"10,000.00"
397,Devenir entrepreneur du changement,Ticket for Change,COURSE,4.70,Mixed,"54,000.00"
398,Operations Analytics,University of Pennsylvania,COURSE,4.70,Mixed,"80,000.00"
399,Data Science Math Skills,Duke University,COURSE,4.50,Beginner,"140,000.00"
400,Global Diplomacy: the United Nations in the World,SOAS University of London,COURSE,4.70,Beginner,"29,000.00"
401,Infectious Disease Modelling,Imperial College London,SPECIALIZATION,5.00,Intermediate,"1,600.00"
402,Software Development Lifecycle,University of Minnesota,SPECIALIZATION,4.60,Intermediate,"34,000.00"
403,System Administration and IT Infrastructure Services,Google,COURSE,4.70,Beginner,"62,000.00"
404,International Humanitarian Law in Theory and Practice,Kalshoven-Gieskes Forum,COURSE,4.80,Beginner,"22,000.00"
405,Основы Digital Маркетинга,National Research University Higher School of Economics,SPECIALIZATION,4.50,Intermediate,"19,000.00"
406,"Competencias digitales. Herramientas de ofimática (Microsoft Word, Excel, Power Point)",Universitat Autònoma de Barcelona,COURSE,4.70,Beginner,"43,000.00"
407,Virtual Reality,"Goldsmiths, University of London",SPECIALIZATION,4.70,Beginner,"37,000.00"
408,IBM Customer Engagement Specialist Professional Certificate,IBM,COURSE,4.80,Beginner,"3,300.00"
409,Managerial Economics and Business Analysis,University of Illinois at Urbana-Champaign,SPECIALIZATION,4.70,Beginner,"55,000.00"
410,Business Model Innovation,HEC Paris,COURSE,4.70,Mixed,"13,000.00"
411,Getting Started with Google Sheets,Google Cloud,COURSE,4.60,Beginner,"18,000.00"
412,Introduction to Calculus,The University of Sydney,COURSE,4.80,Intermediate,"53,000.00"
413,A Law Student's Toolkit,Yale University,COURSE,4.70,Mixed,"91,000.00"
414,Rethinking International Tax Law,Universiteit Leiden,COURSE,4.90,Mixed,"36,000.00"
415,Fundamentals of Immunology: Innate Immunity and B-Cell Function,Rice University,COURSE,4.70,Intermediate,"18,000.00"
416,"Open Source Software Development, Linux and Git",The Linux Foundation,SPECIALIZATION,4.40,Beginner,"13,000.00"
417,Introduction to International Criminal Law,Case Western Reserve University,COURSE,4.80,Mixed,"82,000.00"
418,"Excel/VBA for Creative Problem Solving, Part 1",University of Colorado Boulder,COURSE,4.80,Beginner,"54,000.00"
419,Excel Skills for Business: Intermediate II,Macquarie University,COURSE,4.80,Intermediate,"39,000.00"
420,Data Visualization with Python,IBM,COURSE,4.60,Intermediate,"66,000.00"
421,Introduction to Classical Music,Yale University,COURSE,4.90,Mixed,"150,000.00"
422,Getting Started with Google Kubernetes Engine,Google Cloud,COURSE,4.50,Intermediate,"75,000.00"
423,Healthcare Marketplace,University of Minnesota,SPECIALIZATION,4.40,Beginner,"36,000.00"
424,Public Policy Challenges of the 21st Century,University of Virginia,COURSE,4.60,Beginner,"52,000.00"
425,Fundamentals of GIS,"University of California, Davis",COURSE,4.80,Beginner,"86,000.00"
426,Epidemiology for Public Health,Imperial College London,SPECIALIZATION,4.70,Beginner,"6,400.00"
427,Introduction to Artificial Intelligence (AI),IBM,COURSE,4.70,Beginner,"44,000.00"
428,Introduction to User Experience Design,Georgia Institute of Technology,COURSE,4.50,Beginner,"87,000.00"
429,Healing with the Arts,University of Florida,COURSE,4.60,Mixed,"39,000.00"
430,Design-Led Strategy: Design thinking for business strategy and entrepreneurship,The University of Sydney,COURSE,4.60,Intermediate,"19,000.00"
431,Natural Language Processing in TensorFlow,deeplearning.ai,COURSE,4.60,Intermediate,"40,000.00"
432,Supply Chain Finance and Blockchain Technology,New York Institute of Finance,SPECIALIZATION,4.60,Intermediate,"4,900.00"
433,Leading: Human Resource Management and Leadership,Macquarie University,SPECIALIZATION,4.80,Intermediate,"16,000.00"
434,Data Mining,University of Illinois at Urbana-Champaign,SPECIALIZATION,4.40,Intermediate,"140,000.00"
435,Making Architecture,IE School of Architecture & Design,COURSE,4.70,Beginner,"43,000.00"
436,Essentials of Corporate Finance,The University of Melbourne,SPECIALIZATION,4.60,Intermediate,"54,000.00"
437,Architecting with Google Cloud Platform 日本語版,Google Cloud,SPECIALIZATION,4.50,Intermediate,"4,200.00"
438,Troubles du spectre de l'autisme : diagnostic,University of Geneva,COURSE,4.90,Intermediate,"5,400.00"
439,Conflict Management,"University of California, Irvine",SPECIALIZATION,4.30,Beginner,"66,000.00"
440,"Social Norms, Social Change I",University of Pennsylvania,COURSE,4.60,Beginner,"78,000.00"
441,Fundamental Neuroscience for Neuroimaging,Johns Hopkins University,COURSE,4.60,Beginner,"30,000.00"
442,FinTech Law and Policy,Duke University,COURSE,4.80,Beginner,"9,700.00"
443,Inspiring and Motivating Individuals,University of Michigan,COURSE,4.80,Mixed,"85,000.00"
444,Equine Welfare and Management,"University of California, Davis",COURSE,4.80,Beginner,"7,200.00"
445,"Parallel, Concurrent, and Distributed Programming in Java",Rice University,SPECIALIZATION,4.50,Intermediate,"30,000.00"
446,Essential Google Cloud Infrastructure: Core Services,Google Cloud,COURSE,4.70,Intermediate,"68,000.00"
447,International Security Management,Erasmus University Rotterdam,COURSE,4.50,Beginner,"2,200.00"
448,Continuous Delivery & DevOps,University of Virginia,COURSE,4.60,Beginner,"26,000.00"
449,Marketing Gerencial,Universidad de Chile,COURSE,4.70,Intermediate,"49,000.00"
450,COVID-19: What You Need to Know (CME Eligible),Osmosis,COURSE,4.80,Beginner,"32,000.00"
451,International Business Essentials,University of London,SPECIALIZATION,4.50,Intermediate,"22,000.00"
452,Art & Ideas: Teaching with Themes,The Museum of Modern Art,COURSE,4.80,Mixed,"31,000.00"
453,"FinTech: Foundations, Payments, and Regulations",University of Pennsylvania,COURSE,4.70,Beginner,"12,000.00"
454,Essential Epidemiologic Tools for Public Health Practice,Johns Hopkins University,COURSE,4.70,Beginner,"14,000.00"
455,Success,University of Pennsylvania,COURSE,4.80,Beginner,"38,000.00"
456,Beyond the Sustainable Development Goals (SDGs): Addressing Sustainability and Development,University of Michigan,COURSE,4.60,Mixed,"2,300.00"
457,Climate Change and Health: From Science to Action,Yale University,SPECIALIZATION,4.60,Beginner,"4,800.00"
458,Corporate Finance Essentials,IESE Business School,COURSE,4.80,Mixed,"56,000.00"
459,The Teacher and Social and Emotional Learning (SEL),University of Colorado Boulder,SPECIALIZATION,4.70,Beginner,"5,200.00"
460,The Addicted Brain,Emory University,COURSE,4.60,Beginner,"130,000.00"
461,Engineering Health: Introduction to Yoga and Physiology,New York University,COURSE,4.80,Beginner,"14,000.00"
462,Blockchain Revolution in Financial Services,INSEAD,SPECIALIZATION,4.60,Beginner,"1,600.00"
463,Creative Problem Solving,University of Minnesota,COURSE,4.30,Mixed,"140,000.00"
464,Microeconomics: The Power of Markets,University of Pennsylvania,COURSE,4.70,Mixed,"34,000.00"
465,Understanding and Visualizing Data with Python,University of Michigan,COURSE,4.70,Beginner,"30,000.00"
466,Teamwork Skills: Communicating Effectively in Groups,University of Colorado Boulder,COURSE,4.80,Beginner,"49,000.00"
467,Managerial Accounting Fundamentals,University of Virginia,COURSE,4.90,Beginner,"11,000.00"
468,Autodesk CAD/CAM/CAE for Mechanical Engineering,Autodesk,SPECIALIZATION,4.80,Intermediate,"9,200.00"
469,Introduction to Cybersecurity Tools & Cyber Attacks,IBM,COURSE,4.50,Beginner,"30,000.00"
470,Mindshift: Break Through Obstacles to Learning and Discover Your Hidden Potential,McMaster University,COURSE,4.80,Beginner,"230,000.00"
471,Neurolinguistics,Saint Petersburg State University,COURSE,4.70,Mixed,"41,000.00"
472,Optical Engineering,University of Colorado Boulder,SPECIALIZATION,4.20,Advanced,"6,200.00"
473,Introduction to Probability and Data,Duke University,COURSE,4.70,Beginner,"160,000.00"
474,Competitive Strategy and Organization Design,Ludwig-Maximilians-Universität München (LMU),SPECIALIZATION,4.70,Intermediate,"350,000.00"
475,Fundamentals of Reinforcement Learning,University of Alberta,COURSE,4.80,Intermediate,"22,000.00"
476,IT Security: Defense against the digital dark arts,Google,COURSE,4.80,Beginner,"62,000.00"
477,Politics and Economics of International Energy,Sciences Po,COURSE,4.70,Beginner,"34,000.00"
478,Business Transformation with Google Cloud,Google Cloud,COURSE,4.70,Beginner,"10,000.00"
479,Art & Activity: Interactive Strategies for Engaging with Art,The Museum of Modern Art,COURSE,4.80,Mixed,"79,000.00"
480,Mathematics for Data Science,National Research University Higher School of Economics,SPECIALIZATION,4.50,Beginner,"12,000.00"
481,More Introduction to Financial Accounting,University of Pennsylvania,COURSE,4.90,Mixed,"40,000.00"
482,Agile Meets Design Thinking,University of Virginia,COURSE,4.70,Beginner,"69,000.00"
483,Supply Chain Analytics,Rutgers the State University of New Jersey,COURSE,4.70,Beginner,"7,900.00"
484,Systems Biology and Biotechnology,Icahn School of Medicine at Mount Sinai,SPECIALIZATION,4.40,Intermediate,"48,000.00"
485,Information​ ​Systems,University of Minnesota,SPECIALIZATION,4.70,Beginner,"16,000.00"
486,Budgeting and Scheduling Projects,"University of California, Irvine",COURSE,4.70,Mixed,"84,000.00"
487,Drug Commercialization,University of California San Diego,COURSE,4.70,Beginner,"17,000.00"
488,AI For Medical Treatment,deeplearning.ai,COURSE,4.80,Intermediate,"2,400.00"
489,Microeconomics Principles,University of Illinois at Urbana-Champaign,COURSE,4.90,Beginner,"73,000.00"
490,Dino 101: Dinosaur Paleobiology,University of Alberta,COURSE,4.50,Beginner,"35,000.00"
491,"Applied Plotting, Charting & Data Representation in Python",University of Michigan,COURSE,4.60,Intermediate,"97,000.00"
492,Искусство ведения бизнеса,Saint Petersburg State University,SPECIALIZATION,4.60,Beginner,"14,000.00"
493,Bayesian Statistics: From Concept to Data Analysis,"University of California, Santa Cruz",COURSE,4.80,Intermediate,"91,000.00"
494,Ecology: Ecosystem Dynamics and Conservation,American Museum of Natural History,COURSE,4.80,Intermediate,"18,000.00"
495,Introducción a Data Science: Programación Estadística con R,Universidad Nacional Autónoma de México,COURSE,4.70,Beginner,"140,000.00"
496,Entrepreneurship 2: Launching your Start-Up,University of Pennsylvania,COURSE,4.80,Mixed,"38,000.00"
497,Cybersecurity for Business,University of Colorado System,SPECIALIZATION,4.60,Beginner,"23,000.00"
498,Big Data – Introducción al uso práctico de datos masivos,Universitat Autònoma de Barcelona,SPECIALIZATION,4.50,Beginner,"8,800.00"
499,Introduction to Genetics and Evolution,Duke University,COURSE,4.80,Mixed,"74,000.00"
500,Understanding Einstein: The Special Theory of Relativity,Stanford University,COURSE,4.90,Beginner,"89,000.00"
501,Front-End Web UI Frameworks and Tools: Bootstrap 4,The Hong Kong University of Science and Technology,COURSE,4.80,Intermediate,"89,000.00"
502,Entrepreneurship: Launching an Innovative Business,"University of Maryland, College Park",SPECIALIZATION,4.60,Beginner,"69,000.00"
503,Plant Bioinformatic Methods,University of Toronto,SPECIALIZATION,4.70,Beginner,"83,000.00"
504,Spanish Vocabulary: Meeting People,"University of California, Davis",COURSE,4.60,Beginner,"71,000.00"
505,Model Thinking,University of Michigan,COURSE,4.80,Mixed,"130,000.00"
506,Social and Economic Networks:  Models and Analysis,Stanford University,COURSE,4.80,Advanced,"42,000.00"
507,The Art of Music Production,Berklee College of Music,COURSE,4.80,Intermediate,"47,000.00"
508,Anatomy: Musculoskeletal and Integumentary Systems,University of Michigan,COURSE,4.80,Beginner,"20,000.00"
509,Feminism and Social Justice,"University of California, Santa Cruz",COURSE,4.80,Beginner,"18,000.00"
510,Object-Oriented Data Structures in C++,University of Illinois at Urbana-Champaign,COURSE,4.70,Intermediate,"21,000.00"
511,Introduction to Environmental Law and Policy,The University of North Carolina at Chapel Hill,COURSE,4.80,Mixed,"34,000.00"
512,Aprender,Universidad Nacional Autónoma de México,COURSE,4.80,Mixed,"200,000.00"
513,Graphic Design Elements for Non-Designers,University of Colorado Boulder,SPECIALIZATION,4.70,Beginner,"10,000.00"
514,Anticorrupción: Introducción a conceptos y perspectiva práctica,Universidad Nacional Autónoma de México,COURSE,4.80,Beginner,"11,000.00"
515,Solar Energy Basics,The State University of New York,COURSE,4.80,Beginner,"17,000.00"
516,L'excellence opérationnelle en pratique,ESSEC Business School,COURSE,4.70,Beginner,"8,000.00"
517,Miracles of Human Language: An Introduction to Linguistics,Universiteit Leiden,COURSE,4.70,Beginner,"120,000.00"
518,Java Programming: Solving Problems with Software,Duke University,COURSE,4.60,Beginner,"160,000.00"
519,De-Mystifying Mindfulness,Universiteit Leiden,COURSE,4.80,Beginner,"150,000.00"
520,Fundamentals of Visualization with Tableau,"University of California, Davis",COURSE,4.50,Beginner,"81,000.00"
521,Foundations of Public Health Practice,Imperial College London,SPECIALIZATION,4.80,Beginner,"3,200.00"
522,Design and Make Infographics (Project-Centered Course),Michigan State University,COURSE,4.70,Mixed,"97,000.00"
523,Modernizing Data Lakes and Data Warehouses with GCP,Google Cloud,COURSE,4.70,Intermediate,"9,100.00"
524,The Science of Training Young Athletes,University of Florida,COURSE,4.90,Beginner,"13,000.00"
525,"Cameras, Exposure, and Photography",Michigan State University,COURSE,4.70,Mixed,"130,000.00"
526,Palo Alto Networks Cybersecurity,Palo Alto Networks,SPECIALIZATION,4.60,Beginner,"9,100.00"
527,Epidemics - the Dynamics of Infectious Diseases,The Pennsylvania State University,COURSE,4.80,Mixed,"45,000.00"
528,Mathematics for Machine Learning: Multivariate Calculus,Imperial College London,COURSE,4.70,Beginner,"51,000.00"
529,"Transmedia Storytelling: Narrative worlds, emerging technologies, and global audiences",UNSW Sydney (The University of New South Wales),COURSE,4.80,Mixed,"45,000.00"
530,Tricky American English Pronunciation,"University of California, Irvine",COURSE,4.70,Beginner,"110,000.00"
531,FinTech: Finance Industry Transformation and Regulation,The Hong Kong University of Science and Technology,SPECIALIZATION,4.60,Beginner,"13,000.00"
532,Renewable Energy and Green Building Entrepreneurship,Duke University,COURSE,4.70,Beginner,"24,000.00"
533,Introduction to Operations Management,University of Pennsylvania,COURSE,4.50,Mixed,"87,000.00"
534,The Power of Microeconomics: Economic Principles in the Real World,"University of California, Irvine",COURSE,4.70,Mixed,"120,000.00"
535,Nutrition and Lifestyle in Pregnancy,Ludwig-Maximilians-Universität München (LMU),COURSE,4.80,Intermediate,"35,000.00"
536,"Capstone: Retrieving, Processing, and Visualizing Data with Python",University of Michigan,COURSE,4.60,Mixed,"82,000.00"
537,Information Visualization,New York University,SPECIALIZATION,4.60,Beginner,"10,000.00"
538,Getting Started with SAS Programming,SAS,COURSE,4.90,Beginner,"22,000.00"
539,Business Writing,University of Colorado Boulder,COURSE,4.80,Beginner,"48,000.00"
540,Get Interactive: Practical Teaching with Technology,Bloomsbury Learning Exchange,COURSE,4.70,Beginner,"14,000.00"
541,Les Fondamentaux de la Négociation,ESSEC Business School,COURSE,4.70,Beginner,"10,000.00"
542,Introduction to Personal Branding,University of Virginia,COURSE,4.40,Beginner,"140,000.00"
543,What is Compliance?,University of Pennsylvania,COURSE,4.80,Mixed,"6,200.00"
544,Costos para los Negocios,Universidad de Chile,COURSE,4.80,Intermediate,"43,000.00"
545,Разработка интерфейсов: вёрстка и JavaScript,E-Learning Development Fund,SPECIALIZATION,4.50,Intermediate,"30,000.00"
546,Kotlin for Java Developers,JetBrains,COURSE,4.70,Intermediate,"37,000.00"
547,English for Research Publication Purposes,Moscow Institute of Physics and Technology,SPECIALIZATION,4.60,Intermediate,"42,000.00"
548,Introduction to Data Analysis Using Excel,Rice University,COURSE,4.70,Mixed,"99,000.00"
549,Information Security: Context and Introduction,"Royal Holloway, University of London",COURSE,4.60,Beginner,"32,000.00"
550,Mastering Data Analysis in Excel,Duke University,COURSE,4.20,Mixed,"280,000.00"
551,Aprendiendo a aprender: Poderosas herramientas mentales con las que podrás dominar temas difíciles (Learning How to Learn),University of California San Diego,COURSE,4.90,Beginner,"180,000.00"
552,Finanzas personales,Universidad Nacional Autónoma de México,COURSE,4.80,Mixed,"310,000.00"
553,Recommender Systems,University of Minnesota,SPECIALIZATION,4.30,Intermediate,"29,000.00"
554,How Things Work: An Introduction to Physics,University of Virginia,COURSE,4.80,Intermediate,"170,000.00"
555,"Python Functions, Files, and Dictionaries",University of Michigan,COURSE,4.80,Beginner,"26,000.00"
556,Managing Project Risks and Changes,"University of California, Irvine",COURSE,4.70,Mixed,"71,000.00"
557,Introduction to Typography,California Institute of the Arts,COURSE,4.80,Beginner,"72,000.00"
558,Managing Social and Human Capital,University of Pennsylvania,COURSE,4.50,Beginner,"27,000.00"
559,Teach English Now! Foundational Principles,Arizona State University,COURSE,4.90,Mixed,"81,000.00"
560,Engineering Project Management: Initiating and Planning,Rice University,COURSE,4.70,Beginner,"23,000.00"
561,Algorithmic Toolbox,University of California San Diego,COURSE,4.70,Intermediate,"220,000.00"
562,Implementación del Marketing Mix,IE Business School,SPECIALIZATION,4.70,Beginner,"23,000.00"
563,Mastering Software Development in R,Johns Hopkins University,SPECIALIZATION,4.30,Beginner,"52,000.00"
564,Elastic Google Cloud Infrastructure: Scaling and Automation,Google Cloud,COURSE,4.70,Intermediate,"57,000.00"
565,Biology Meets Programming: Bioinformatics for Beginners,University of California San Diego,COURSE,4.40,Beginner,"88,000.00"
566,Customer Segmentation and Prospecting,Northwestern University,COURSE,4.70,Beginner,"18,000.00"
567,Geopolítica y gobernanza global: riesgos y oportunidades,ESADE Business and Law School,COURSE,4.80,Mixed,"34,000.00"
568,Getting Started with AWS Machine Learning,Amazon Web Services,COURSE,4.50,Intermediate,"73,000.00"
569,Foundations of Marketing Analytics,Emory University,SPECIALIZATION,4.20,Intermediate,"27,000.00"
570,"Epidemics, Pandemics and Outbreaks",University of Pittsburgh,COURSE,4.70,Mixed,"23,000.00"
571,IBM AI Enterprise Workflow,IBM,SPECIALIZATION,4.40,Advanced,"3,500.00"
572,Industrial IoT on Google Cloud Platform,Google Cloud,COURSE,4.50,Beginner,"34,000.00"
573,Architecting with Google Kubernetes Engine 日本語版,Google Cloud,SPECIALIZATION,4.50,Beginner,"3,900.00"
574,Social Policy for Social Services & Health Practitioners,Columbia University,SPECIALIZATION,4.80,Beginner,"4,200.00"
575,Mastering Final Cut Pro,LearnQuest,COURSE,4.60,Beginner,"8,400.00"
576,The Oral Cavity: Portal to Health and Disease,University of Pennsylvania,COURSE,4.90,Intermediate,"9,400.00"
577,Leadership in 21st Century Organizations,Copenhagen Business School,COURSE,4.70,Mixed,"34,000.00"
578,Global Environmental Management,Technical University of Denmark (DTU),COURSE,4.60,Intermediate,"22,000.00"
579,International Law in Action: A Guide to the International Courts and Tribunals in The Hague,Universiteit Leiden,COURSE,4.80,Mixed,"36,000.00"
580,Sports and Society,Duke University,COURSE,4.80,Mixed,"16,000.00"
581,Fundamentals of Engineering Exam Review,Georgia Institute of Technology,COURSE,4.70,Mixed,"49,000.00"
582,Interviewing and Resume Writing in English,"University of Maryland, College Park",SPECIALIZATION,4.60,Intermediate,"66,000.00"
583,Sustainable Tourism – promoting environmental public health,University of Copenhagen,COURSE,4.60,Beginner,"9,400.00"
584,Think Again I: How to Understand Arguments,Duke University,COURSE,4.60,Beginner,"200,000.00"
585,Machine Learning for All,University of London,COURSE,4.60,Beginner,"19,000.00"
586,Julia Scientific Programming,University of Cape Town,COURSE,4.50,Beginner,"22,000.00"
587,The Horse Course: Introduction to Basic Care and Management,University of Florida,COURSE,4.90,Mixed,"29,000.00"
588,Summary Statistics in Public Health,Johns Hopkins University,COURSE,4.80,Beginner,"11,000.00"
589,Version Control with Git,Atlassian,COURSE,4.80,Mixed,"40,000.00"
590,Autodesk Certified Professional: Revit for Architectural Design Exam Prep,Autodesk,COURSE,4.70,Advanced,"9,700.00"
591,Excel Skills for Business: Advanced,Macquarie University,COURSE,4.70,Intermediate,"39,000.00"
592,Strategic Sales Management,Fundação Instituto de Administração,SPECIALIZATION,4.50,Intermediate,"9,200.00"
593,International migrations: a global issue,Sciences Po,COURSE,4.60,Beginner,"11,000.00"
594,Introduction to Cloud Computing,IBM,COURSE,4.60,Beginner,"2,600.00"
595,UX Design Fundamentals,California Institute of the Arts,COURSE,4.80,Beginner,"25,000.00"
596,Healthcare Organization Operations,Rutgers the State University of New Jersey,SPECIALIZATION,4.60,Beginner,"5,500.00"
597,Municipal Solid Waste Management in Developing Countries,École Polytechnique Fédérale de Lausanne,COURSE,4.80,Intermediate,"59,000.00"
598,"English for Science, Technology, Engineering, and Mathematics",University of Pennsylvania,COURSE,4.80,Beginner,"110,000.00"
599,Democracia y decisiones públicas. Introducción al análisis de políticas públicas,Universitat Autònoma de Barcelona,COURSE,4.80,Beginner,"44,000.00"
600,Songwriting: Writing the Lyrics,Berklee College of Music,COURSE,4.80,Beginner,"68,000.00"
601,Sales Operations/Management,West Virginia University,SPECIALIZATION,4.40,Beginner,"5,600.00"
602,Bayesian Statistics: Techniques and Models,"University of California, Santa Cruz",COURSE,4.80,Intermediate,"29,000.00"
603,Using Python to Interact with the Operating System,Google,COURSE,4.70,Beginner,"19,000.00"
604,Accounting Analytics,University of Pennsylvania,COURSE,4.50,Mixed,"80,000.00"
605,Data Analytics for Lean Six Sigma,University of Amsterdam,COURSE,4.80,Beginner,"24,000.00"
606,Positive Psychology: Applications and Interventions,University of Pennsylvania,COURSE,4.80,Beginner,"23,000.00"
607,Éxito Profesional,"University of California, Irvine",SPECIALIZATION,4.50,Beginner,"69,000.00"
608,Introduction to Blockchain Technologies,INSEAD,COURSE,4.70,Beginner,"16,000.00"
609,How to Start Your Own Business,Michigan State University,SPECIALIZATION,4.10,Beginner,"34,000.00"
610,Building Scalable Java Microservices with Spring Boot and Spring Cloud,Google Cloud,COURSE,4.30,Intermediate,"24,000.00"
611,Business English,Arizona State University,SPECIALIZATION,4.70,Intermediate,"38,000.00"
612,Access Controls,(ISC)²,COURSE,4.60,Beginner,"2,900.00"
613,English Composition I,Duke University,COURSE,4.60,Beginner,"200,000.00"
614,User Interface Design,University of Minnesota,SPECIALIZATION,4.60,Intermediate,"43,000.00"
615,International Marketing & Cross Industry Growth,Yonsei University,SPECIALIZATION,4.60,Beginner,"26,000.00"
616,The Truth About Cats and Dogs,The University of Edinburgh,COURSE,4.70,Mixed,"33,000.00"
617,Introduction to Portfolio Construction and Analysis with Python,EDHEC Business School,COURSE,4.80,Mixed,"11,000.00"
618,Unity XR: How to Build AR and VR Apps,Unity,SPECIALIZATION,4.20,Beginner,"12,000.00"
619,Write A Feature Length Screenplay For Film Or Television,Michigan State University,COURSE,4.90,Beginner,"12,000.00"
620,Introduction to Breast Cancer,Yale University,COURSE,4.90,Mixed,"27,000.00"
621,Computer Security and Systems Management,University of Colorado System,SPECIALIZATION,4.60,Beginner,"27,000.00"
622,"Resilience in Children Exposed to Trauma, Disaster and War: Global Perspectives",University of Minnesota,COURSE,4.80,Mixed,"15,000.00"
623,Entrepreneurship Strategy: From Ideation to Exit,HEC Paris,COURSE,4.80,Beginner,"20,000.00"
624,Driving business towards the Sustainable Development Goals,Erasmus University Rotterdam,COURSE,4.80,Beginner,"5,600.00"
625,Introduction to Web Development,"University of California, Davis",COURSE,4.70,Beginner,"76,000.00"
626,Process Mining: Data science in Action,Eindhoven University of Technology,COURSE,4.80,Intermediate,"39,000.00"
627,Dermatology: Trip to skin,Novosibirsk State University,COURSE,4.40,Beginner,"8,200.00"
628,Introduction to Engineering Mechanics,Georgia Institute of Technology,COURSE,4.70,Mixed,"150,000.00"
629,Search Engine Optimization Fundamentals,"University of California, Davis",COURSE,4.70,Mixed,"47,000.00"
630,Applied Machine Learning in Python,University of Michigan,COURSE,4.60,Intermediate,"150,000.00"
631,AWS Fundamentals: Addressing Security Risk,Amazon Web Services,COURSE,4.30,Beginner,"11,000.00"
632,Roman Architecture,Yale University,COURSE,4.90,Beginner,"30,000.00"
633,Fundamentals of Music Theory,The University of Edinburgh,COURSE,4.60,Beginner,"180,000.00"
634,Reporting extra-financier et stratégie RSE,ESSEC Business School,COURSE,4.70,Beginner,"5,200.00"
635,A Life of Happiness and Fulfillment,Indian School of Business,COURSE,4.80,Mixed,"320,000.00"
636,Egiptología (Egyptology),Universitat Autònoma de Barcelona,COURSE,4.90,Beginner,"46,000.00"
637,Applied Data Science Capstone,IBM,COURSE,4.70,Intermediate,"42,000.00"
638,Unraveling the Cycling City,University of Amsterdam,COURSE,4.90,Intermediate,"3,900.00"
639,Japanese for beginners 1,Saint Petersburg State University,COURSE,4.60,Beginner,"4,400.00"
640,Implementing RPA with Cognitive Automation and Analytics,Automation Anywhere,SPECIALIZATION,4.60,Beginner,"2,200.00"
641,Econometrics: Methods and Applications,Erasmus University Rotterdam,COURSE,4.70,Mixed,"110,000.00"
642,Basic Statistics,University of Amsterdam,COURSE,4.60,Beginner,"180,000.00"
643,Global Energy and Climate Policy,SOAS University of London,COURSE,4.50,Beginner,"10,000.00"
644,Developing Applications with Google Cloud Platform 日本語版,Google Cloud,SPECIALIZATION,4.80,Intermediate,"4,000.00"
645,Boosting Creativity for Innovation,HEC Paris,COURSE,4.90,Beginner,"9,500.00"
646,Positive Psychology: Resilience Skills,University of Pennsylvania,COURSE,4.60,Beginner,"40,000.00"
647,Systems Thinking In Public Health,Johns Hopkins University,COURSE,4.90,Mixed,"33,000.00"
648,Strategic Business Analytics,ESSEC Business School,SPECIALIZATION,4.30,Advanced,"60,000.00"
649,Introduction to Embedded Systems Software and Development Environments,University of Colorado Boulder,COURSE,4.50,Intermediate,"41,000.00"
650,Gestión de organizaciones efectivas,Pontificia Universidad Católica de Chile,COURSE,4.70,Mixed,"47,000.00"
651,Arts and Culture Strategy,National Arts Strategies,COURSE,4.60,Mixed,"15,000.00"
652,Mountains 101,University of Alberta,COURSE,4.90,Mixed,"44,000.00"
653,Building Batch Data Pipelines on GCP,Google Cloud,COURSE,4.50,Intermediate,"7,300.00"
654,Leadership Development for Engineers,Rice University,SPECIALIZATION,4.70,Beginner,"17,000.00"
655,Code Yourself! An Introduction to Programming,The University of Edinburgh,COURSE,4.70,Beginner,"120,000.00"
656,Leading Healthcare Quality and Safety,The George Washington University,COURSE,4.80,Beginner,"16,000.00"
657,Stories of Infection,Stanford University,COURSE,4.90,Intermediate,"28,000.00"
658,"Recruiting, Hiring, and Onboarding Employees",University of Minnesota,COURSE,4.70,Mixed,"35,000.00"
659,"Introduction to Trading, Machine Learning & GCP",New York Institute of Finance,COURSE,4.00,Intermediate,"13,000.00"
660,Smart Cities – Management of Smart Urban Infrastructures,École Polytechnique Fédérale de Lausanne,COURSE,4.60,Beginner,"22,000.00"
661,ADHD: Everyday Strategies for Elementary Students,University at Buffalo,COURSE,4.70,Beginner,"39,000.00"
662,C for Everyone: Programming Fundamentals,"University of California, Santa Cruz",COURSE,4.50,Beginner,"31,000.00"
663,Antibiotic Stewardship,Stanford University,COURSE,4.50,Advanced,"11,000.00"
664,Introduction to CSS3,University of Michigan,COURSE,4.80,Mixed,"84,000.00"
665,Perfect Tenses and Modals,"University of California, Irvine",COURSE,4.70,Intermediate,"79,000.00"
666,The Technology of Music Production,Berklee College of Music,COURSE,4.80,Beginner,"28,000.00"
667,Internet Connection: How to Get Online?,Cisco,COURSE,4.70,Beginner,"36,000.00"
668,Periodismo digital y combate a las fake news,Universidad Nacional Autónoma de México,COURSE,4.90,Beginner,"8,900.00"
669,Marketing Verde,Universidad de los Andes,COURSE,4.80,Mixed,"58,000.00"
670,Building Conversational Experiences with Dialogflow,Google Cloud,COURSE,4.50,Beginner,"22,000.00"
671,"The Modern World, Part Two: Global History since 1910",University of Virginia,COURSE,4.80,Beginner,"47,000.00"
672,Becoming a changemaker: Introduction to Social Innovation,University of Cape Town,COURSE,4.80,Beginner,"61,000.00"
673,Innovation: From Creativity to Entrepreneurship,University of Illinois at Urbana-Champaign,SPECIALIZATION,4.80,Beginner,"25,000.00"
674,Design Thinking for the Greater Good: Innovation in the Social Sector,University of Virginia,COURSE,4.60,Beginner,"17,000.00"
675,Diseño Instruccional: Aprendizaje activo y Pedagogía digital,Tecnológico de Monterrey,SPECIALIZATION,4.60,Beginner,"4,000.00"
676,Understanding Cancer Metastasis,Johns Hopkins University,COURSE,4.80,Beginner,"29,000.00"
677,The Social Context of Mental Health and Illness,University of Toronto,COURSE,4.60,Mixed,"19,000.00"
678,Cuidado de heridas en el ámbito hospitalario,Universidad Nacional Autónoma de México,COURSE,4.80,Intermediate,"26,000.00"
679,Data Engineering on Google Cloud Platform 日本語版,Google Cloud,SPECIALIZATION,4.40,Intermediate,"3,000.00"
680,Stanford's Short Course on Breastfeeding,Stanford University,COURSE,4.70,Beginner,"17,000.00"
681,Getting Started With Music Theory,Michigan State University,COURSE,4.50,Beginner,"59,000.00"
682,Financial Reporting,University of Illinois at Urbana-Champaign,SPECIALIZATION,4.80,Intermediate,"12,000.00"
683,Probabilistic Graphical Models 1: Representation,Stanford University,COURSE,4.70,Advanced,"68,000.00"
684,Write Your First Novel,Michigan State University,COURSE,4.40,Beginner,"18,000.00"
685,Nanotechnology: A Maker’s Course,Duke University,COURSE,4.80,Mixed,"21,000.00"
686,Data Visualization and Communication with Tableau,Duke University,COURSE,4.70,Mixed,"130,000.00"
687,Biohacking Your Brain's Health,Emory University,COURSE,4.60,Beginner,"35,000.00"
688,Bugs 101: Insect-Human Interactions,University of Alberta,COURSE,4.90,Beginner,"15,000.00"
689,Introduction to Intellectual Property,University of Pennsylvania,COURSE,4.80,Beginner,"6,000.00"
690,The Science of Stem Cells,American Museum of Natural History,COURSE,4.70,Intermediate,"12,000.00"
691,"Corrección, estilo y  variaciones de la lengua española",Universitat Autònoma de Barcelona,COURSE,4.60,Beginner,"75,000.00"
692,Practical Time Series Analysis,The State University of New York,COURSE,4.60,Intermediate,"39,000.00"
693,Esports,"University of California, Irvine",SPECIALIZATION,4.50,Beginner,"1,800.00"
694,Geopolitics of Europe,Sciences Po,COURSE,4.30,Mixed,"19,000.00"
695,Sharpened Visions: A Poetry Workshop,California Institute of the Arts,COURSE,4.70,Beginner,"61,000.00"
696,The Science of Success: What Researchers Know that You Should Know,University of Michigan,COURSE,4.80,Beginner,"59,000.00"
697,Discrete Optimization,The University of Melbourne,COURSE,4.90,Intermediate,"40,000.00"
698,From the Big Bang to Dark Energy,The University of Tokyo,COURSE,4.80,Beginner,"52,000.00"
699,Liderazgo efectivo para el siglo XXI,Universidad de los Andes,SPECIALIZATION,4.80,Intermediate,"23,000.00"
700,Homeland Security and Cybersecurity,University of Colorado System,SPECIALIZATION,4.70,Beginner,"5,500.00"
701,International Cyber Conflicts,The State University of New York,COURSE,4.40,Mixed,"25,000.00"
702,Autodesk Certified Professional: AutoCAD for Design and Drafting Exam Prep,Autodesk,COURSE,4.70,Advanced,"22,000.00"
703,Основы программирования на Python,National Research University Higher School of Economics,COURSE,4.60,Beginner,"83,000.00"
704,Entrepreneurship 3: Growth Strategies,University of Pennsylvania,COURSE,4.70,Beginner,"31,000.00"
705,Fundamentos de la escritura,Tecnológico de Monterrey,COURSE,4.60,Beginner,"47,000.00"
706,Modeling Risk and Realities,University of Pennsylvania,COURSE,4.60,Mixed,"36,000.00"
707,Ecosystem Services: a Method for Sustainable Development,University of Geneva,COURSE,4.70,Intermediate,"16,000.00"
708,Epigenetic Control of Gene Expression,The University of Melbourne,COURSE,4.80,Mixed,"35,000.00"
709,Communication Skills for Engineers,Rice University,SPECIALIZATION,4.70,Beginner,"15,000.00"
710,Gut Check: Exploring Your Microbiome,University of California San Diego,COURSE,4.70,Mixed,"62,000.00"
711,Diseño y Creación de un Emprendimiento Social,Pontificia Universidad Católica de Chile,COURSE,4.90,Beginner,"21,000.00"
712,Security & Safety Challenges in a Globalized World,Universiteit Leiden,COURSE,4.70,Beginner,"14,000.00"
713,Introduction to Business Analytics: Communicating with Data,University of Illinois at Urbana-Champaign,COURSE,4.70,Intermediate,"14,000.00"
714,Corporate Strategy,UCL School of Management,COURSE,4.80,Beginner,"7,800.00"
715,Probability and Statistics: To p or not to p?,University of London,COURSE,4.60,Beginner,"36,000.00"
716,The hidden value – Lean in manufacturing and services,École des Ponts ParisTech,COURSE,4.70,Beginner,"14,000.00"
717,"Globalization, Economic Growth and Stability",IE Business School,SPECIALIZATION,4.80,Intermediate,"44,000.00"
718,Chemicals and Health,Johns Hopkins University,COURSE,4.70,Beginner,"23,000.00"
719,Blockchain: Foundations and Use Cases,ConsenSys Academy,COURSE,4.70,Beginner,"31,000.00"
720,Developing Industrial Internet of Things,University of Colorado Boulder,SPECIALIZATION,4.60,Intermediate,"8,000.00"
721,Foundations of Business Strategy,University of Virginia,COURSE,4.80,Beginner,"63,000.00"
722,Корпоративные финансы и стоимость компании,National Research University Higher School of Economics,SPECIALIZATION,4.50,Beginner,"16,000.00"
723,Introduction to Cyber Attacks,New York University,COURSE,4.70,Beginner,"27,000.00"
724,Fundamentos de Excel para Negocios,Universidad Austral,COURSE,4.70,Beginner,"150,000.00"
725,Corporate & Commercial Law I: Contracts & Employment Law,University of Illinois at Urbana-Champaign,COURSE,4.80,Intermediate,"10,000.00"
726,Chicken Behaviour and Welfare,The University of Edinburgh,COURSE,4.70,Mixed,"19,000.00"
727,Accounting for Decision Making,University of Michigan,COURSE,4.80,Intermediate,"9,900.00"
728,Construction Cost Estimating and Cost Control,Columbia University,COURSE,4.70,Beginner,"19,000.00"
729,Introduction to Self-Driving Cars,University of Toronto,COURSE,4.80,Advanced,"39,000.00"
730,Cuidados y procedimientos generales en la atención del recién nacido,Universidad de Chile,COURSE,4.80,Intermediate,"22,000.00"
731,Project Execution,"University of California, Irvine",COURSE,4.20,Beginner,"70,000.00"
732,Programming Fundamentals,Duke University,COURSE,4.70,Beginner,"19,000.00"
733,Emerging Technologies: From Smartphones to IoT to Big Data,Yonsei University,SPECIALIZATION,4.60,Beginner,"17,000.00"
734,Getting Started with Go,"University of California, Irvine",COURSE,4.60,Intermediate,"59,000.00"
735,Introduction to Thermodynamics: Transferring Energy from Here to There,University of Michigan,COURSE,4.80,Beginner,"4,100.00"
736,Challenging Forensic Science: How Science Should Speak to Court,University of Lausanne,COURSE,4.80,Beginner,"31,000.00"
737,Chinese for HSK 1,Peking University,COURSE,4.80,Beginner,"22,000.00"
738,Business English: Networking,University of Washington,COURSE,4.70,Intermediate,"77,000.00"
739,Health Information Literacy for Data Analytics,"University of California, Davis",SPECIALIZATION,4.50,Intermediate,"5,400.00"
740,Global Trends for Business and Society,University of Pennsylvania,COURSE,4.80,Mixed,"7,600.00"
741,Introdução aos Princípios e Práticas da Gestão De Projetos,Universidade de São Paulo,SPECIALIZATION,4.90,Beginner,"4,500.00"
742,Fundamentos Empresariales,University of Pennsylvania,SPECIALIZATION,4.60,Beginner,"25,000.00"
743,A Crash Course in Causality:  Inferring Causal Effects from Observational Data,University of Pennsylvania,COURSE,4.70,Intermediate,"17,000.00"
744,Introduction to User Experience Principles and Processes,University of Michigan,COURSE,4.80,Beginner,"16,000.00"
745,Introduction to Electronics,Georgia Institute of Technology,COURSE,4.70,Mixed,"110,000.00"
746,Understanding Plants - Part I: What a Plant Knows,Tel Aviv University,COURSE,4.80,Beginner,"49,000.00"
747,"Innovation Through Design: Think, Make, Break, Repeat",The University of Sydney,COURSE,4.80,Beginner,"10,000.00"
748,Improving Leadership & Governance in Nonprofit Organizations,Luther College at the University of Regina,SPECIALIZATION,4.40,Beginner,"18,000.00"
749,Strategy and Sustainability,IESE Business School,COURSE,4.60,Beginner,"11,000.00"
750,"L'impact investing, la finance qui change le monde",ESSEC Business School,SPECIALIZATION,4.60,Beginner,"6,300.00"
751,Blended Language Learning: Design and Practice for Teachers,University of Colorado Boulder,COURSE,4.80,Intermediate,"1,900.00"
752,Analysing: Numeric and digital literacies,Macquarie University,SPECIALIZATION,4.60,Beginner,"7,900.00"
753,Astrobiology and the Search for Extraterrestrial Life,The University of Edinburgh,COURSE,4.70,Mixed,"66,000.00"
754,Spacecraft Dynamics and Control,University of Colorado Boulder,SPECIALIZATION,4.80,Advanced,"12,000.00"
755,"Leading for Equity, Diversity and Inclusion in Higher Education",University of Michigan,COURSE,4.70,Intermediate,"5,900.00"
756,Developing Your Musicianship,Berklee College of Music,COURSE,4.80,Mixed,"41,000.00"
757,Guitar for Beginners,Berklee College of Music,COURSE,4.80,Mixed,"210,000.00"
758,Introduction to Systems Engineering,UNSW Sydney (The University of New South Wales),COURSE,4.70,Mixed,"33,000.00"
759,The Cycle: Management of Successful Arts and Cultural Organizations,"University of Maryland, College Park",COURSE,4.80,Beginner,"11,000.00"
760,Supply Chain Operations,Rutgers the State University of New Jersey,COURSE,4.80,Beginner,"24,000.00"
761,Global Financing Solutions  (by EDHEC and Société Générale),EDHEC Business School,COURSE,4.60,Intermediate,"3,600.00"
762,Intercultural Management,ESCP Business School,COURSE,4.60,Beginner,"6,500.00"
763,Sample-based Learning Methods,University of Alberta,COURSE,4.80,Intermediate,"6,800.00"
764,Dairy Production and Management,The Pennsylvania State University,COURSE,4.80,Mixed,"23,000.00"
765,Palliative Care: It's Not Just Hospice Anymore,University of Colorado System,SPECIALIZATION,4.80,Beginner,"3,200.00"
766,Introduction to Statistics & Data Analysis in Public Health,Imperial College London,COURSE,4.70,Beginner,"12,000.00"
767,How To Create a Website in a Weekend! (Project-Centered Course),The State University of New York,COURSE,3.30,Mixed,"140,000.00"
768,The Changing Global Order,Universiteit Leiden,COURSE,4.70,Intermediate,"23,000.00"
769,Love as a Force for Social Justice,Stanford University,COURSE,4.70,Beginner,"14,000.00"
770,Enterprise Architecture,Peter the Great St. Petersburg Polytechnic University,COURSE,4.40,Beginner,"2,400.00"
771,"Ready, Set, Future! Introduction to Futures Thinking",Institute for the Future,COURSE,4.80,Beginner,"7,700.00"
772,Sexualidad...mucho más que sexo,Universidad de los Andes,COURSE,4.80,Beginner,"110,000.00"
773,Effective Compliance Programs,University of Pennsylvania,COURSE,4.90,Mixed,"3,400.00"
774,Introduction to Imagemaking,California Institute of the Arts,COURSE,4.50,Beginner,"54,000.00"
775,Foundations of Everyday Leadership,University of Illinois at Urbana-Champaign,COURSE,4.80,Mixed,"62,000.00"
776,Becoming a Sports Agent,Case Western Reserve University,COURSE,4.70,Beginner,"6,500.00"
777,Cloud Computing Basics (Cloud 101),LearnQuest,COURSE,4.50,Beginner,"37,000.00"
778,Finance for Non-Financial Managers,Emory University,COURSE,4.40,Intermediate,"12,000.00"
779,iOS App Development with Swift,University of Toronto,SPECIALIZATION,3.90,Intermediate,"76,000.00"
780,Introduction to Computer Programming,"Goldsmiths, University of London",COURSE,4.30,Beginner,"20,000.00"
781,Sales Training for High Performing Teams,HubSpot Academy,SPECIALIZATION,4.70,Beginner,"16,000.00"
782,Atención Primaria en Salud: El desafío de las Enfermedades no Transmisibles,Pontificia Universidad Católica de Chile,COURSE,4.80,Intermediate,"33,000.00"
783,Data Collection and Processing with Python,University of Michigan,COURSE,4.70,Intermediate,"19,000.00"
784,Music Business Foundations,Berklee College of Music,COURSE,4.90,Mixed,"34,000.00"
785,Hacia una práctica constructivista en el aula,Pontificia Universidad Católica de Chile,COURSE,4.80,Mixed,"62,000.00"
786,Learn English,Tsinghua University,SPECIALIZATION,4.30,Beginner,"22,000.00"
787,Wonders of Ancient Egypt,University of Pennsylvania,COURSE,4.80,Intermediate,"17,000.00"
788,Teaching Character and Creating Positive Classrooms,Relay Graduate School of Education,COURSE,4.80,Mixed,"53,000.00"
789,El Abogado del Futuro: Legaltech y la Transformación Digital del Derecho,Universidad Austral,COURSE,5.00,Beginner,"1,500.00"
790,Functional Programming Principles in Scala,École Polytechnique Fédérale de Lausanne,COURSE,4.80,Intermediate,"170,000.00"
791,Magic in the Middle Ages,Universitat de Barcelona,COURSE,4.60,Beginner,"78,000.00"
792,Six Sigma and the Organization (Advanced),University System of Georgia,COURSE,4.70,Intermediate,"15,000.00"
793,"Creatividad, diseño e innovación: Técnicas y herramientas",Arizona State University,SPECIALIZATION,4.70,Beginner,"150,000.00"
794,Construction Scheduling,Columbia University,COURSE,4.80,Beginner,"15,000.00"
795,New Approaches to Countering Terror: Countering Violent Extremism,"University of Maryland, College Park",COURSE,4.70,Beginner,"12,000.00"
796,Managing Your Health: The Role of Physical Therapy and Exercise,University of Toronto,COURSE,4.60,Beginner,"47,000.00"
797,Ancient Philosophy: Aristotle and His Successors,University of Pennsylvania,COURSE,4.80,Mixed,"8,100.00"
798,Strategising: Management for Global Competitive Advantage,Macquarie University,SPECIALIZATION,4.80,Intermediate,"30,000.00"
799,Antimicrobial resistance - theory and methods,Technical University of Denmark (DTU),COURSE,4.60,Intermediate,"63,000.00"
800,Cómo hablar bien en público,Universitat Autònoma de Barcelona,COURSE,4.80,Beginner,"55,000.00"
801,Strategic Management,Copenhagen Business School,COURSE,4.70,Mixed,"58,000.00"
802,Gender and Sexuality: Diversity and Inclusion in the Workplace,University of Pittsburgh,COURSE,4.70,Beginner,"14,000.00"
803,Hardware Description Languages for FPGA Design,University of Colorado Boulder,COURSE,4.20,Intermediate,"7,400.00"
804,Data Visualization with Advanced Excel,PwC,COURSE,4.80,Beginner,"60,000.00"
805,Influencer Marketing Strategy,Rutgers the State University of New Jersey,COURSE,4.40,Intermediate,"12,000.00"
806,Dentistry 101,University of Michigan,COURSE,4.70,Beginner,"4,500.00"
807,Teach English Now! Teaching Language Online,Arizona State University,COURSE,4.40,Intermediate,"8,500.00"
808,Preparing for the Google Cloud Associate Cloud Engineer Exam,Google Cloud,COURSE,4.70,Beginner,"22,000.00"
809,Become a Sustainable Business Change Agent,University of Colorado System,SPECIALIZATION,4.70,Intermediate,"4,200.00"
810,Patrocinio Deportivo,Universitat Autònoma de Barcelona,COURSE,4.60,Beginner,"12,000.00"
811,Математика и Python для анализа данных,E-Learning Development Fund,COURSE,4.80,Beginner,"67,000.00"
812,Data Analysis and Interpretation,Wesleyan University,SPECIALIZATION,4.40,Beginner,"100,000.00"
813,Decision-Making and Scenarios,University of Pennsylvania,COURSE,4.60,Mixed,"31,000.00"
814,"Sleep: Neurobiology, Medicine, and Society",University of Michigan,COURSE,4.80,Beginner,"20,000.00"
815,Control of Mobile Robots,Georgia Institute of Technology,COURSE,4.80,Mixed,"49,000.00"
816,BIM Fundamentals for Engineers,National Taiwan University,COURSE,4.60,Beginner,"13,000.00"
817,Social Entrepreneurship,Copenhagen Business School,SPECIALIZATION,4.60,Beginner,"13,000.00"
818,The Science of Gastronomy,The Hong Kong University of Science and Technology,COURSE,4.60,Mixed,"50,000.00"
819,Aboriginal Worldviews and Education,University of Toronto,COURSE,4.70,Mixed,"6,600.00"
820,Curanderismo: Traditional Healing Using Plants,University of New Mexico,COURSE,4.60,Beginner,"5,500.00"
821,Cybersecurity and Its Ten Domains,University System of Georgia,COURSE,4.20,Beginner,"140,000.00"
822,Strategic Business Management - Microeconomics,"University of California, Irvine",COURSE,4.70,Beginner,"9,500.00"
823,Quantitative Methods,University of Amsterdam,COURSE,4.70,Mixed,"69,000.00"
824,Building Your Leadership Skills,HEC Paris,COURSE,4.50,Mixed,"67,000.00"
825,Advertising and Society,Duke University,COURSE,4.80,Mixed,"14,000.00"
826,The Pronunciation of American English,"University of California, Irvine",SPECIALIZATION,4.60,Beginner,"1,700.00"
827,Queering Identities: LGBTQ+ Sexuality and Gender Identity,University of Colorado System,COURSE,4.90,Beginner,"3,000.00"
828,AWS Fundamentals: Migrating to the Cloud,Amazon Web Services,COURSE,4.50,Intermediate,"13,000.00"
829,What future for education?,UCL Institute of Education,COURSE,4.70,Mixed,"35,000.00"
830,Introduction to Ableton Live,Berklee College of Music,COURSE,4.80,Mixed,"60,000.00"
831,Machine Learning Foundations: A Case Study Approach,University of Washington,COURSE,4.60,Mixed,"240,000.00"
832,EMT Foundations,University of Colorado System,COURSE,4.80,Beginner,"7,100.00"
833,Russian Alphabet,Saint Petersburg State University,COURSE,4.70,Beginner,"3,200.00"
834,Internet Giants: The Law and Economics of Media Platforms,The University of Chicago,COURSE,4.80,Mixed,"38,000.00"
835,Global Financial Markets and Instruments,Rice University,COURSE,4.60,Mixed,"37,000.00"
836,Secure Coding Practices,"University of California, Davis",SPECIALIZATION,4.40,Intermediate,"6,400.00"
837,Instructional Methods in Health Professions Education,University of Michigan,COURSE,4.60,Intermediate,"9,700.00"
838,Actualización en el manejo del paciente con diabetes mellitus tipo 2,Universidad Nacional Autónoma de México,COURSE,4.80,Mixed,"23,000.00"
839,Legal Tech & Startups,IE Business School,COURSE,4.50,Intermediate,"7,200.00"
840,Materials Science: 10 Things Every Engineer Should Know,"University of California, Davis",COURSE,4.70,Mixed,"48,000.00"
841,Основы разработки на C++: белый пояс,E-Learning Development Fund,COURSE,4.90,Intermediate,"41,000.00"
842,Networking and Security Architecture with VMware NSX,VMware,COURSE,4.80,Intermediate,"17,000.00"
843,Linear Circuits 1: DC Analysis,Georgia Institute of Technology,COURSE,4.60,Mixed,"29,000.00"
844,Introduction aux Droits de l’Homme,University of Geneva,COURSE,4.80,Mixed,"46,000.00"
845,"High Performance Collaboration: Leadership, Teamwork, and Negotiation",Northwestern University,COURSE,4.80,Mixed,"46,000.00"
846,Agile и Scrum в работе над проектами и продуктами,ScrumTrek,COURSE,4.90,Beginner,"12,000.00"
847,Estadística y probabilidad,Universidad Nacional Autónoma de México,COURSE,4.70,Beginner,"27,000.00"
848,Classical Sociological Theory,University of Amsterdam,COURSE,4.80,Mixed,"51,000.00"
849,Google Cloud Platform Fundamentals for AWS Professionals,Google Cloud,COURSE,4.70,Intermediate,"36,000.00"
850,Introduction to Game Development,Michigan State University,COURSE,4.80,Mixed,"79,000.00"
851,Formulación y evaluación de proyectos complejos,Universidad de los Andes,COURSE,4.90,Intermediate,"4,400.00"
852,Digital Media and Marketing Strategies,University of Illinois at Urbana-Champaign,COURSE,4.40,Mixed,"57,000.00"
853,Age of Cathedrals,Yale University,COURSE,4.70,Beginner,"21,000.00"
854,Cost and Economics in Pricing Strategy,University of Virginia,COURSE,4.80,Beginner,"15,000.00"
855,Digital Business Models,Lund University,COURSE,4.50,Beginner,"21,000.00"
856,"Identifying, Monitoring, and Analyzing Risk and Incident Response and Recovery",(ISC)²,COURSE,4.90,Beginner,"1,700.00"
857,Fundamentos Estratégicos Empresariales,Universidad Nacional Autónoma de México,SPECIALIZATION,4.60,Beginner,"56,000.00"
858,¿Qué hacen los buenos directivos? Prioridades de la Alta Dirección,IESE Business School,COURSE,4.70,Beginner,"25,000.00"
859,Software Processes and Agile Practices,University of Alberta,COURSE,4.70,Mixed,"60,000.00"
860,Scaling Operations: Linking Strategy and Execution,Northwestern University,COURSE,4.50,Mixed,"12,000.00"
861,AWS Fundamentals: Building Serverless Applications,Amazon Web Services,COURSE,4.70,Beginner,"27,000.00"
862,Introduction to Big Data,University of California San Diego,COURSE,4.60,Mixed,"160,000.00"
863,Front-End Web Development with React,The Hong Kong University of Science and Technology,COURSE,4.70,Intermediate,"45,000.00"
864,The Economics of Health Care Delivery,University of Pennsylvania,COURSE,4.80,Mixed,"7,200.00"
865,Unity Certified Programmer Exam Preparation,Unity,SPECIALIZATION,4.50,Intermediate,"6,100.00"
866,Introdução à Ciência da Computação com Python Parte 1,Universidade de São Paulo,COURSE,4.90,Beginner,"120,000.00"
867,Osteoarchaeology: The Truth in Our Bones,Universiteit Leiden,COURSE,4.70,Beginner,"22,000.00"
868,Requirements Engineering: Secure Software  Specifications,University of Colorado System,SPECIALIZATION,4.60,Beginner,"7,200.00"
869,Python Classes and Inheritance,University of Michigan,COURSE,4.70,Intermediate,"21,000.00"
870,Electric Industry Operations and Markets,Duke University,COURSE,4.80,Beginner,"12,000.00"
871,Data and Health Indicators in Public Health Practice,Johns Hopkins University,COURSE,4.70,Beginner,"18,000.00"
872,Particle Physics: an Introduction,University of Geneva,COURSE,4.50,Mixed,"42,000.00"
873,Mathematics for Machine Learning: PCA,Imperial College London,COURSE,4.00,Intermediate,"33,000.00"
874,A Crash Course in Data Science,Johns Hopkins University,COURSE,4.50,Mixed,"130,000.00"
875,Русский как иностранный,Saint Petersburg State University,SPECIALIZATION,4.60,Intermediate,"9,800.00"
876,Research Data Management and Sharing,The University of Edinburgh,COURSE,4.60,Mixed,"16,000.00"
877,Aspectos básicos de la planificación y la gestión de proyectos,University of Virginia,COURSE,4.90,Beginner,"10,000.00"
878,Introduction to Genomic Technologies,Johns Hopkins University,COURSE,4.60,Mixed,"42,000.00"
879,Introduction to Chemistry:  Reactions and Ratios,Duke University,COURSE,4.80,Beginner,"46,000.00"
880,Explorando la Energía Sustentable,Pontificia Universidad Católica de Chile,COURSE,4.80,Beginner,"28,000.00"
881,Evaluación educativa,Universidad Nacional Autónoma de México,SPECIALIZATION,4.80,Beginner,"13,000.00"
882,University Teaching,The University of Hong Kong,COURSE,4.80,Beginner,"9,500.00"
883,Психолингвистика (Psycholinguistics),Saint Petersburg State University,COURSE,4.80,Mixed,"21,000.00"
884,Building Resilient Streaming Analytics Systems on GCP,Google Cloud,COURSE,4.60,Intermediate,"5,800.00"
885,Autodesk CAD/CAM for Manufacturing,Autodesk,SPECIALIZATION,4.80,Intermediate,"7,300.00"
886,Understanding Modern Finance,American Institute of Business and Economics,SPECIALIZATION,4.40,Intermediate,"11,000.00"
887,Object-Oriented Design,University of Alberta,COURSE,4.70,Intermediate,"33,000.00"
888,Aprende a programar con Python,Universidad Austral,SPECIALIZATION,4.20,Beginner,"6,600.00"
889,Погружение в Python,Moscow Institute of Physics and Technology,COURSE,4.70,Intermediate,"45,000.00"
890,Compassionate Leadership Through Service Learning with Jane Goodall and Roots & Shoots,University of Colorado Boulder,COURSE,4.90,Beginner,"6,400.00"